 high water mark of queries in system (being processed or queued);high water mark of time in queues (ms);#rejected_connections;parallel queries: high water mark;parallel queries: ratio of (high water mark / number of CPUs)
 0;0;0;0;0.00
 0;0;0;0;0.00
 0;0;0;0;0.00
 0;0;0;0;0.00
 0;0;0;0;0.00
 0;0;0;0;0.00
 0;0;0;0;0.00
 0;0;0;0;0.00
 0;0;0;0;0.00
 0;0;0;0;0.00
 0;0;0;0;0.00
 0;0;0;0;0.00
 0;0;0;0;0.00
 0;0;0;0;0.00
 0;0;0;0;0.00
 0;0;0;0;0.00
 0;0;0;0;0.00
 0;0;0;0;0.00
 0;0;0;0;0.00
 0;0;0;0;0.00
 0;0;0;0;0.00
 0;0;0;0;0.00
 0;0;0;0;0.00
 0;0;0;0;0.00
 0;0;0;0;0.00
 0;0;0;0;0.00
 0;0;0;0;0.00
 0;0;0;0;0.00
 0;0;0;0;0.00
 0;0;0;0;0.00
 0;0;0;0;0.00
 0;0;0;0;0.00
 0;0;0;0;0.00
 0;0;0;0;0.00
 0;0;0;0;0.00
 0;0;0;0;0.00
 0;0;0;0;0.00
 0;0;0;0;0.00
 0;0;0;0;0.00
 0;0;0;0;0.00
 0;0;0;0;0.00
 0;0;0;0;0.00
 0;0;0;0;0.00
 0;0;0;0;0.00
 0;0;0;0;0.00
 0;0;0;0;0.00
 0;0;0;0;0.00
 219;348;0;128;2.00
 126;5;0;126;1.97
 131;8;0;128;2.00
 163;107;0;128;2.00
 141;17;0;128;2.00
 139;16;0;128;2.00
 129;3;0;128;2.00
 127;2;0;127;1.98
 180;196;0;128;2.00
 80;2;0;80;1.25
 91;6;0;91;1.42
 95;4;0;94;1.47
 146;7;0;128;2.00
 281;1124;0;128;2.00
 110;5;0;110;1.72
 192;273;0;128;2.00
 125;15;0;125;1.95
 188;222;0;128;2.00
 172;155;0;128;2.00
 98;4;0;98;1.53
 108;8;0;108;1.69
 169;135;0;128;2.00
 85;4;0;85;1.33
 107;5;0;107;1.67
 93;4;0;93;1.45
 103;4;0;102;1.59
 126;3;0;126;1.97
 152;98;0;128;2.00
 135;13;0;128;2.00
 106;6;0;106;1.66
 97;5;0;97;1.52
 117;5;0;117;1.83
 104;4;0;104;1.62
 75;6;0;75;1.17
 117;4;0;116;1.81
 113;6;0;113;1.77
 132;14;0;128;2.00
 69;2;0;69;1.08
 74;6;0;74;1.16
 99;5;0;99;1.55
 70;6;0;70;1.09
 77;2;0;77;1.20
 88;18;0;88;1.38
 81;3;0;81;1.27
 149;171;0;128;2.00
 63;2;0;63;0.98
 205;1011;0;128;2.00
 87;9;0;87;1.36
 82;3;0;82;1.28
 132;13;0;128;2.00
 83;4;0;83;1.30
 109;3;0;109;1.70
 84;3;0;84;1.31
 57;7;0;56;0.88
 114;7;0;114;1.78
 94;5;0;94;1.47
 72;1;0;72;1.12
 65;3;0;65;1.02
 84;4;0;84;1.31
 64;2;0;64;1.00
 54;2;0;54;0.84
 72;2;0;72;1.12
 108;1;0;108;1.69
 57;103;0;57;0.89
 127;1;0;127;1.98
 73;5;0;73;1.14
 76;58;0;76;1.19
 67;6;0;67;1.05
 106;4;0;106;1.66
 69;5;0;69;1.08
 60;3;0;60;0.94
 43;10;0;43;0.67
 49;7;0;48;0.75
 60;3;0;60;0.94
 164;155;0;128;2.00
 55;6;0;55;0.86
 52;3;0;52;0.81
 70;8;0;70;1.09
 72;1;0;72;1.12
 66;5;0;66;1.03
 102;2;0;102;1.59
 106;11;0;106;1.66
 125;1;0;125;1.95
 83;5;0;83;1.30
 92;1;0;92;1.44
 112;5;0;112;1.75
 75;3;0;75;1.17
 35;1;0;35;0.55
 60;2;0;60;0.94
 42;16;0;42;0.66
 100;5;0;100;1.56
 75;4;0;75;1.17
 53;6;0;53;0.83
 65;32;0;65;1.02
 81;4;0;81;1.27
 49;7;0;49;0.77
 125;159;0;125;1.95
 48;5;0;48;0.75
 52;6;0;52;0.81
 37;2;0;37;0.58
 57;7;0;57;0.89
 32;6;0;32;0.50
 41;7;0;41;0.64
 60;97;0;60;0.94
 124;45;0;124;1.94
 41;1;0;41;0.64
 53;7;0;53;0.83
 59;2;0;59;0.92
 66;6;0;66;1.03
 107;2;0;107;1.67
 53;7;0;53;0.83
 81;3;0;81;1.27
 61;0;0;61;0.95
 69;2;0;69;1.08
 50;32;0;50;0.78
 93;28;0;93;1.45
 70;3;0;70;1.09
 36;3;0;36;0.56
 73;8;0;73;1.14
 64;10;0;64;1.00
 47;7;0;47;0.73
 61;39;0;61;0.95
 97;1;0;97;1.52
 72;0;0;72;1.12
 108;3;0;108;1.69
 36;1;0;36;0.56
 85;2;0;85;1.33
 53;11;0;53;0.83
 58;4;0;58;0.91
 61;11;0;61;0.95
 52;4;0;52;0.81
 51;2;0;51;0.80
 62;8;0;62;0.97
 122;4;0;122;1.91
 59;8;0;59;0.92
 73;2;0;73;1.14
 49;3;0;49;0.77
 40;1;0;40;0.62
 67;6;0;67;1.05
 64;2;0;64;1.00
 72;2;0;72;1.12
 113;5;0;113;1.77
 62;2;0;62;0.97
 44;3;0;44;0.69
 107;7;0;107;1.67
 52;7;0;52;0.81
 52;1;0;52;0.81
 62;8;0;62;0.97
 68;5;0;68;1.06
 49;10;0;49;0.77
 99;85;0;99;1.55
 58;3;0;58;0.91
 65;6;0;64;1.00
 45;2;0;45;0.70
 88;54;0;88;1.38
 38;7;0;38;0.59
 48;3;0;48;0.75
 52;2;0;52;0.81
 74;3;0;74;1.16
 41;2;0;41;0.64
 49;0;0;49;0.77
 22;1;0;22;0.34
 21;0;0;21;0.33
 18;1;0;18;0.28
 149;34;0;128;2.00
 25;4;0;25;0.39
 40;5;0;40;0.62
 26;1;0;26;0.41
 29;7;0;29;0.45
 37;0;0;37;0.58
 30;1;0;30;0.47
 20;6;0;20;0.31
 30;38;0;30;0.47
 23;0;0;23;0.36
 32;1;0;32;0.50
 20;0;0;20;0.31
 50;66;0;50;0.78
 23;0;0;23;0.36
 32;0;0;32;0.50
 22;3;0;22;0.34
 23;6;0;23;0.36
 15;1;0;15;0.23
 21;1;0;21;0.33
 52;199;0;52;0.81
 38;126;0;38;0.59
 17;0;0;17;0.27
 39;1;0;39;0.61
 22;7;0;22;0.34
 33;0;0;33;0.52
 40;1;0;40;0.62
 50;0;0;50;0.78
 14;0;0;14;0.22
 40;129;0;40;0.62
 39;0;0;39;0.61
 59;2;0;59;0.92
 16;3;0;16;0.25
 14;1;0;14;0.22
 17;3;0;17;0.27
 29;0;0;29;0.45
 39;1;0;39;0.61
 27;3;0;27;0.42
 83;0;0;83;1.30
 16;6;0;16;0.25
 42;6;0;42;0.66
 70;1;0;70;1.09
 51;0;0;51;0.80
 40;1;0;40;0.62
 26;0;0;26;0.41
 35;1;0;35;0.55
 40;0;0;40;0.62
 27;0;0;27;0.42
 46;0;0;46;0.72
 23;39;0;23;0.36
 21;1;0;21;0.33
 77;0;0;77;1.20
 30;1;0;30;0.47
 20;0;0;20;0.31
 16;0;0;16;0.25
 34;1;0;34;0.53
 25;4;0;25;0.39
 19;1;0;19;0.30
 21;0;0;21;0.33
 25;0;0;25;0.39
 31;1;0;31;0.48
 33;35;0;33;0.52
 97;0;0;97;1.52
 52;25;0;52;0.81
 19;7;0;19;0.30
 102;4;0;102;1.59
 28;1;0;28;0.44
 21;1;0;21;0.33
 29;0;0;29;0.45
 34;0;0;34;0.53
 50;0;0;50;0.78
 33;0;0;33;0.52
 38;68;0;38;0.59
 24;1;0;24;0.38
 22;0;0;22;0.34
 32;15;0;32;0.50
 21;0;0;21;0.33
 32;53;0;32;0.50
 20;0;0;20;0.31
 30;0;0;30;0.47
 47;0;0;47;0.73
 48;0;0;46;0.72
 19;74;0;19;0.30
 44;0;0;44;0.69
 65;1;0;65;1.02
 33;1;0;33;0.52
 34;0;0;34;0.53
 31;0;0;31;0.48
 14;0;0;14;0.22
 22;1;0;22;0.34
 21;0;0;21;0.33
 55;37;0;55;0.86
 39;0;0;39;0.61
 29;13;0;29;0.45
 24;8;0;24;0.38
 34;1;0;34;0.53
 43;2;0;43;0.67
 66;16;0;66;1.03
 51;0;0;51;0.80
 109;2;0;109;1.70
 19;38;0;19;0.30
 30;0;0;30;0.47
 23;1;0;23;0.36
 49;1;0;49;0.77
 22;0;0;22;0.34
 36;1;0;36;0.56
 34;12;0;34;0.53
 35;1;0;35;0.55
 20;1;0;20;0.31
 33;2;0;33;0.52
 22;0;0;22;0.34
 47;0;0;47;0.73
 16;0;0;16;0.25
 56;0;0;56;0.88
 32;0;0;32;0.50
 30;0;0;30;0.47
 17;11;0;17;0.27
 15;4;0;15;0.23
 13;0;0;13;0.20
 62;1;0;62;0.97
 25;0;0;25;0.39
 108;24;0;108;1.69
 24;0;0;24;0.38
 21;0;0;21;0.33
 23;7;0;23;0.36
 29;6;0;29;0.45
 28;1;0;28;0.44
 35;0;0;35;0.55
 28;0;0;28;0.44
 20;1;0;20;0.31
 31;2;0;31;0.48
 56;1;0;56;0.88
 24;1;0;24;0.38
 38;1;0;38;0.59
 20;0;0;20;0.31
 30;5;0;30;0.47
 24;0;0;24;0.38
 24;1;0;24;0.38
 21;2;0;21;0.33
 22;1;0;22;0.34
 25;1;0;25;0.39
 84;1;0;84;1.31
 36;6;0;36;0.56
 47;32;0;47;0.73
 42;5;0;42;0.66
 47;2;0;47;0.73
 40;5;0;40;0.62
 30;1;0;30;0.47
 31;1;0;31;0.48
 35;1;0;35;0.55
 29;2;0;29;0.45
 45;7;0;45;0.70
 49;2;0;49;0.77
 30;3;0;30;0.47
 51;1;0;51;0.80
 76;0;0;76;1.19
 87;0;0;87;1.36
 69;3;0;69;1.08
 36;0;0;36;0.56
 47;0;0;47;0.73
 54;18;0;54;0.84
 95;1;0;95;1.48
 85;4;0;85;1.33
 63;7;0;63;0.98
 53;6;0;53;0.83
 58;5;0;58;0.91
 74;4;0;74;1.16
 50;7;0;50;0.78
 66;2;0;66;1.03
 61;3;0;61;0.95
 46;3;0;45;0.70
 50;2;0;50;0.78
 49;3;0;49;0.77
 79;6;0;79;1.23
 46;1;0;46;0.72
 60;3;0;60;0.94
 46;2;0;46;0.72
 59;1;0;59;0.92
 61;3;0;61;0.95
 178;451;0;128;2.00
 68;18;0;68;1.06
 112;1;0;112;1.75
 111;1;0;111;1.73
 87;15;0;87;1.36
 90;1;0;90;1.41
 123;3;0;123;1.92
 85;6;0;85;1.33
 78;6;0;78;1.22
 95;3;0;95;1.48
 63;26;0;62;0.97
 91;4;0;91;1.42
 119;5;0;119;1.86
 73;4;0;73;1.14
 82;3;0;82;1.28
 62;3;0;62;0.97
 81;3;0;81;1.27
 74;4;0;74;1.16
 39;4;0;39;0.61
 60;3;0;60;0.94
 53;1;0;53;0.83
 86;3;0;86;1.34
 46;2;0;46;0.72
 112;5;0;112;1.75
 93;2;0;93;1.45
 70;4;0;70;1.09
 97;6;0;97;1.52
 59;3;0;59;0.92
 51;5;0;51;0.80
 53;2;0;53;0.83
 57;3;0;57;0.89
 52;2;0;52;0.81
 90;0;0;90;1.41
 45;3;0;45;0.70
 37;0;0;37;0.58
 33;0;0;33;0.52
 29;0;0;29;0.45
 51;1;0;51;0.80
 22;0;0;22;0.34
 29;0;0;29;0.45
 25;2;0;25;0.39
 53;18;0;53;0.83
 61;15;0;61;0.95
 24;0;0;24;0.38
 18;0;0;18;0.28
 26;8;0;26;0.41
 30;1;0;30;0.47
 25;1;0;25;0.39
 44;30;0;44;0.69
 22;7;0;22;0.34
 28;0;0;28;0.44
 45;14;0;45;0.70
 28;1;0;28;0.44
 13;0;0;13;0.20
 23;0;0;23;0.36
 79;9;0;79;1.23
 38;1;0;38;0.59
 24;1;0;24;0.38
 35;0;0;35;0.55
 28;0;0;28;0.44
 44;0;0;44;0.69
 30;14;0;30;0.47
 25;0;0;25;0.39
 39;0;0;39;0.61
 16;0;0;16;0.25
 25;0;0;25;0.39
 27;1;0;27;0.42
 20;0;0;20;0.31
 31;0;0;31;0.48
 28;0;0;28;0.44
 21;0;0;21;0.33
 15;0;0;15;0.23
 110;5;0;110;1.72
 55;45;0;55;0.86
 34;0;0;34;0.53
 20;0;0;20;0.31
 27;1;0;27;0.42
 24;1;0;24;0.38
 19;0;0;19;0.30
 18;0;0;18;0.28
 22;3;0;22;0.34
 22;0;0;22;0.34
 55;70;0;55;0.86
 25;0;0;25;0.39
 22;1;0;22;0.34
 20;4;0;20;0.31
 37;0;0;37;0.58
 32;13;0;32;0.50
 16;0;0;16;0.25
 13;0;0;13;0.20
 12;0;0;12;0.19
 46;40;0;45;0.70
 20;0;0;20;0.31
 21;0;0;21;0.33
 42;0;0;42;0.66
 21;0;0;21;0.33
 34;1;0;34;0.53
 39;1;0;39;0.61
 52;98;0;52;0.81
 114;165;0;114;1.78
 37;1;0;37;0.58
 53;1;0;53;0.83
 45;0;0;45;0.70
 18;0;0;18;0.28
 27;0;0;27;0.42
 28;0;0;28;0.44
 31;3;0;31;0.48
 26;0;0;26;0.41
 29;1;0;29;0.45
 16;1;0;16;0.25
 18;6;0;18;0.28
 28;0;0;28;0.44
 64;1;0;64;1.00
 21;0;0;21;0.33
 29;0;0;29;0.45
 31;32;0;31;0.48
 41;1;0;41;0.64
 32;0;0;32;0.50
 55;0;0;55;0.86
 18;0;0;18;0.28
 31;3;0;31;0.48
 24;0;0;24;0.38
 43;0;0;43;0.67
 36;0;0;36;0.56
 19;1;0;19;0.30
 21;0;0;21;0.33
 33;0;0;33;0.52
 21;1;0;21;0.33
 34;0;0;34;0.53
 21;11;0;21;0.33
 15;0;0;15;0.23
 52;10;0;52;0.81
 71;152;0;71;1.11
 13;0;0;13;0.20
 26;0;0;26;0.41
 29;0;0;29;0.45
 33;1;0;33;0.52
 37;0;0;37;0.58
 42;0;0;42;0.66
 27;1;0;27;0.42
 57;136;0;57;0.89
 22;0;0;22;0.34
 54;151;0;54;0.84
 16;0;0;16;0.25
 24;2;0;24;0.38
 20;0;0;20;0.31
 35;12;0;35;0.55
 32;4;0;32;0.50
 19;0;0;19;0.30
 22;0;0;22;0.34
 16;0;0;16;0.25
 12;0;0;12;0.19
 48;58;0;48;0.75
 14;0;0;14;0.22
 29;3;0;29;0.45
 22;0;0;22;0.34
 35;0;0;35;0.55
 33;0;0;33;0.52
 22;3;0;22;0.34
 24;0;0;24;0.38
 37;0;0;37;0.58
 23;0;0;23;0.36
 94;622;0;94;1.47
 20;0;0;20;0.31
 57;8;0;57;0.89
 16;0;0;16;0.25
 23;10;0;23;0.36
 27;0;0;27;0.42
 48;1;0;48;0.75
 36;0;0;36;0.56
 56;0;0;56;0.88
 31;0;0;31;0.48
 32;14;0;32;0.50
 21;0;0;21;0.33
 17;2;0;17;0.27
 19;1;0;19;0.30
 36;7;0;36;0.56
 32;1;0;32;0.50
 23;0;0;23;0.36
 57;1;0;57;0.89
 45;0;0;45;0.70
 30;1;0;30;0.47
 16;0;0;16;0.25
 20;0;0;20;0.31
 17;0;0;17;0.27
 17;0;0;17;0.27
 41;0;0;41;0.64
 32;0;0;32;0.50
 33;1;0;33;0.52
 26;0;0;26;0.41
 24;0;0;24;0.38
 14;5;0;14;0.22
 49;21;0;49;0.77
 18;0;0;18;0.28
 17;1;0;17;0.27
 21;0;0;21;0.33
 41;4;0;41;0.64
 21;0;0;21;0.33
 19;0;0;19;0.30
 33;0;0;33;0.52
 24;0;0;24;0.38
 28;0;0;28;0.44
 76;0;0;76;1.19
 26;64;0;26;0.41
 29;1;0;29;0.45
 39;163;0;39;0.61
 44;0;0;44;0.69
 27;0;0;27;0.42
 29;0;0;29;0.45
 20;0;0;20;0.31
 28;0;0;28;0.44
 21;0;0;21;0.33
 30;0;0;30;0.47
 29;0;0;29;0.45
 22;5;0;22;0.34
 24;0;0;24;0.38
 30;1;0;30;0.47
 24;63;0;24;0.38
 26;0;0;26;0.41
 21;0;0;21;0.33
 22;8;0;22;0.34
 35;1;0;35;0.55
 92;164;0;92;1.44
 33;1;0;33;0.52
 19;0;0;19;0.30
 22;0;0;22;0.34
 24;0;0;24;0.38
 52;19;0;52;0.81
 24;0;0;24;0.38
 57;0;0;57;0.89
 33;0;0;33;0.52
 27;3;0;27;0.42
 48;5;0;48;0.75
 46;0;0;46;0.72
 29;0;0;29;0.45
 25;0;0;25;0.39
 24;14;0;24;0.38
 26;0;0;26;0.41
 34;0;0;34;0.53
 43;0;0;43;0.67
 26;1;0;26;0.41
 45;0;0;45;0.70
 62;103;0;62;0.97
 13;1;0;13;0.20
 27;12;0;27;0.42
 23;0;0;23;0.36
 35;6;0;35;0.55
 42;1;0;42;0.66
 31;4;0;31;0.48
 26;0;0;26;0.41
 30;2;0;30;0.47
 93;42;0;93;1.45
 36;0;0;36;0.56
 25;0;0;25;0.39
 34;0;0;34;0.53
 25;1;0;25;0.39
 35;0;0;35;0.55
 35;0;0;35;0.55
 22;0;0;22;0.34
 29;0;0;29;0.45
 22;1;0;22;0.34
 43;0;0;43;0.67
 31;109;0;31;0.48
 69;14;0;69;1.08
 43;0;0;43;0.67
 30;0;0;30;0.47
 52;2;0;52;0.81
 20;1;0;20;0.31
 42;0;0;42;0.66
 22;0;0;22;0.34
 17;15;0;17;0.27
 55;124;0;55;0.86
 53;0;0;53;0.83
 23;0;0;23;0.36
 19;4;0;19;0.30
 23;0;0;23;0.36
 24;0;0;24;0.38
 21;1;0;21;0.33
 56;246;0;55;0.86
 38;1;0;38;0.59
 79;181;0;79;1.23
 33;0;0;33;0.52
 61;0;0;61;0.95
 24;0;0;24;0.38
 28;0;0;28;0.44
 29;3;0;29;0.45
 32;7;0;32;0.50
 25;1;0;25;0.39
 25;0;0;25;0.39
 53;0;0;53;0.83
 43;1;0;43;0.67
 34;1;0;34;0.53
 19;0;0;19;0.30
 23;0;0;23;0.36
 71;0;0;71;1.11
 27;0;0;27;0.42
 25;1;0;25;0.39
 21;6;0;21;0.33
 24;3;0;24;0.38
 20;0;0;20;0.31
 20;0;0;20;0.31
 29;0;0;29;0.45
 89;1;0;89;1.39
 80;44;0;80;1.25
 18;0;0;18;0.28
 28;0;0;28;0.44
 22;1;0;22;0.34
 22;0;0;22;0.34
 45;9;0;45;0.70
 14;1;0;14;0.22
 32;1;0;32;0.50
 51;1;0;51;0.80
 66;103;0;66;1.03
 38;0;0;38;0.59
 45;0;0;45;0.70
 23;0;0;23;0.36
 30;1;0;30;0.47
 43;11;0;43;0.67
 48;0;0;48;0.75
 64;190;0;62;0.97
 29;1;0;29;0.45
 16;1;0;16;0.25
 27;0;0;27;0.42
 31;0;0;31;0.48
 36;108;0;35;0.55
 22;0;0;22;0.34
 35;8;0;35;0.55
 22;1;0;22;0.34
 32;0;0;32;0.50
 21;0;0;21;0.33
 35;0;0;35;0.55
 52;0;0;52;0.81
 32;1;0;32;0.50
 30;0;0;30;0.47
 22;0;0;22;0.34
 20;0;0;20;0.31
 24;0;0;24;0.38
 49;1;0;49;0.77
 26;1;0;26;0.41
 102;2;0;102;1.59
 26;59;0;26;0.41
 73;0;0;73;1.14
 59;29;0;59;0.92
 82;5;0;82;1.28
 19;0;0;19;0.30
 55;14;0;55;0.86
 37;0;0;37;0.58
 30;0;0;30;0.47
 24;0;0;24;0.38
 22;0;0;22;0.34
 14;0;0;14;0.22
 14;1;0;14;0.22
 31;0;0;31;0.48
 12;0;0;12;0.19
 48;0;0;48;0.75
 17;0;0;17;0.27
 25;1;0;25;0.39
 25;2;0;25;0.39
 54;0;0;54;0.84
 20;1;0;20;0.31
 15;0;0;15;0.23
 44;8;0;44;0.69
 95;36;0;95;1.48
 40;0;0;40;0.62
 16;0;0;16;0.25
 15;0;0;15;0.23
 48;1;0;48;0.75
 25;1;0;25;0.39
 64;0;0;64;1.00
 50;0;0;50;0.78
 44;0;0;44;0.69
 31;3;0;31;0.48
 42;17;0;42;0.66
 25;0;0;25;0.39
 36;7;0;36;0.56
 29;0;0;29;0.45
 32;0;0;32;0.50
 36;0;0;36;0.56
 25;0;0;25;0.39
 22;0;0;22;0.34
 23;8;0;23;0.36
 52;58;0;52;0.81
 34;119;0;34;0.53
 15;0;0;15;0.23
 57;1;0;57;0.89
 40;2;0;40;0.62
 30;0;0;30;0.47
 30;0;0;30;0.47
 32;114;0;32;0.50
 20;0;0;20;0.31
 22;0;0;22;0.34
 33;32;0;33;0.52
 15;0;0;15;0.23
 13;0;0;13;0.20
 29;0;0;29;0.45
 42;0;0;42;0.66
 51;1;0;51;0.80
 32;0;0;32;0.50
 44;7;0;44;0.69
 44;48;0;44;0.69
 96;127;0;96;1.50
 23;0;0;23;0.36
 27;0;0;27;0.42
 16;0;0;16;0.25
 16;0;0;16;0.25
 24;1;0;24;0.38
 37;0;0;37;0.58
 30;1;0;30;0.47
 56;1;0;56;0.88
 35;0;0;35;0.55
 58;0;0;58;0.91
 31;59;0;31;0.48
 17;0;0;17;0.27
 19;0;0;19;0.30
 70;0;0;70;1.09
 25;0;0;25;0.39
 35;0;0;35;0.55
 27;0;0;27;0.42
 26;1;0;26;0.41
 29;0;0;29;0.45
 27;19;0;27;0.42
 40;0;0;40;0.62
 48;151;0;48;0.75
 69;1;0;69;1.08
 56;353;0;56;0.88
 18;0;0;18;0.28
 33;0;0;33;0.52
 55;0;0;54;0.84
 21;1;0;21;0.33
 18;0;0;18;0.28
 43;7;0;43;0.67
 26;0;0;26;0.41
 41;37;0;41;0.64
 15;0;0;15;0.23
 20;3;0;20;0.31
 26;0;0;26;0.41
 39;0;0;39;0.61
 32;1;0;32;0.50
 22;0;0;22;0.34
 72;58;0;71;1.11
 22;1;0;22;0.34
 24;0;0;24;0.38
 25;0;0;25;0.39
 38;0;0;38;0.59
 31;0;0;31;0.48
 22;0;0;22;0.34
 74;12;0;74;1.16
 43;1;0;43;0.67
 20;0;0;20;0.31
 24;1;0;24;0.38
 27;0;0;27;0.42
 23;0;0;23;0.36
 16;0;0;16;0.25
 23;0;0;23;0.36
 16;0;0;16;0.25
 22;5;0;22;0.34
 38;2;0;38;0.59
 37;4;0;37;0.58
 54;0;0;54;0.84
 74;0;0;74;1.16
 83;1;0;82;1.28
 34;3;0;34;0.53
 19;0;0;19;0.30
 37;0;0;37;0.58
 41;0;0;41;0.64
 24;1;0;24;0.38
 28;1;0;28;0.44
 21;2;0;21;0.33
 30;0;0;30;0.47
 26;15;0;26;0.41
 12;0;0;12;0.19
 85;0;0;85;1.33
 62;32;0;62;0.97
 20;18;0;20;0.31
 55;7;0;55;0.86
 21;1;0;21;0.33
 31;83;0;31;0.48
 15;0;0;15;0.23
 40;34;0;40;0.62
 16;0;0;16;0.25
 51;60;0;51;0.80
 27;0;0;27;0.42
 78;3;0;78;1.22
 17;1;0;17;0.27
 21;1;0;21;0.33
 26;0;0;26;0.41
 29;0;0;29;0.45
 30;0;0;30;0.47
 20;0;0;20;0.31
 27;0;0;27;0.42
 20;0;0;20;0.31
 31;5;0;31;0.48
 51;3;0;51;0.80
 28;1;0;28;0.44
 15;0;0;15;0.23
 20;0;0;20;0.31
 26;2;0;26;0.41
 25;0;0;25;0.39
 26;0;0;26;0.41
 44;0;0;44;0.69
 28;0;0;28;0.44
 19;1;0;19;0.30
 30;13;0;30;0.47
 108;4;0;108;1.69
 21;0;0;21;0.33
 30;10;0;30;0.47
 34;0;0;34;0.53
 32;1;0;32;0.50
 26;0;0;26;0.41
 37;17;0;37;0.58
 20;0;0;20;0.31
 28;0;0;28;0.44
 25;1;0;25;0.39
 20;6;0;20;0.31
 25;19;0;25;0.39
 22;0;0;22;0.34
 29;0;0;29;0.45
 22;0;0;22;0.34
 36;0;0;36;0.56
 23;0;0;23;0.36
 17;40;0;17;0.27
 24;11;0;24;0.38
 67;95;0;67;1.05
 23;0;0;23;0.36
 86;0;0;86;1.34
 35;1;0;35;0.55
 31;0;0;31;0.48
 25;9;0;25;0.39
 92;152;0;92;1.44
 40;4;0;40;0.62
 22;1;0;22;0.34
 50;1;0;50;0.78
 66;14;0;66;1.03
 16;3;0;16;0.25
 26;0;0;26;0.41
 48;3;0;48;0.75
 54;1;0;54;0.84
 31;4;0;31;0.48
 31;0;0;31;0.48
 47;3;0;47;0.73
 39;4;0;39;0.61
 45;4;0;45;0.70
 74;0;0;74;1.16
 14;1;0;14;0.22
 17;0;0;17;0.27
 24;1;0;24;0.38
 52;3;0;52;0.81
 42;2;0;42;0.66
 34;0;0;34;0.53
 21;5;0;21;0.33
 21;0;0;21;0.33
 28;5;0;28;0.44
 56;92;0;56;0.88
 13;2;0;13;0.20
 29;94;0;29;0.45
 28;0;0;28;0.44
 25;1;0;25;0.39
 28;0;0;28;0.44
 20;0;0;20;0.31
 30;2;0;30;0.47
 32;4;0;32;0.50
 25;0;0;25;0.39
 49;0;0;49;0.77
 18;0;0;18;0.28
 22;1;0;22;0.34
 25;1;0;25;0.39
 28;0;0;28;0.44
 40;0;0;40;0.62
 34;0;0;34;0.53
 28;0;0;28;0.44
 38;0;0;38;0.59
 22;0;0;22;0.34
 24;0;0;24;0.38
 30;0;0;30;0.47
 12;0;0;12;0.19
 21;0;0;21;0.33
 32;0;0;32;0.50
 62;1;0;62;0.97
 27;5;0;27;0.42
 73;0;0;73;1.14
 23;0;0;23;0.36
 22;0;0;22;0.34
 42;4;0;42;0.66
 30;0;0;30;0.47
 16;0;0;16;0.25
 33;0;0;33;0.52
 46;0;0;46;0.72
 31;1;0;31;0.48
 43;0;0;43;0.67
 30;1;0;30;0.47
 20;3;0;20;0.31
 22;1;0;22;0.34
 18;0;0;18;0.28
 61;3;0;61;0.95
 27;0;0;27;0.42
 49;1;0;49;0.77
 25;0;0;25;0.39
 24;2;0;24;0.38
 37;13;0;37;0.58
 17;2;0;17;0.27
 27;0;0;27;0.42
 20;0;0;20;0.31
 103;0;0;103;1.61
 29;0;0;29;0.45
 21;0;0;21;0.33
 25;0;0;25;0.39
 36;1;0;36;0.56
 41;0;0;41;0.64
 29;1;0;29;0.45
 27;8;0;27;0.42
 19;0;0;19;0.30
 17;6;0;17;0.27
 64;85;0;64;1.00
 41;0;0;41;0.64
 20;0;0;20;0.31
 22;0;0;22;0.34
 23;0;0;23;0.36
 24;61;0;24;0.38
 35;0;0;35;0.55
 35;0;0;35;0.55
 14;0;0;14;0.22
 18;1;0;18;0.28
 52;0;0;52;0.81
 32;0;0;32;0.50
 23;1;0;23;0.36
 22;0;0;22;0.34
 29;0;0;29;0.45
 38;0;0;38;0.59
 24;1;0;24;0.38
 36;1;0;36;0.56
 21;0;0;21;0.33
 61;0;0;61;0.95
 47;0;0;47;0.73
 32;0;0;32;0.50
 17;1;0;17;0.27
 20;1;0;20;0.31
 31;0;0;31;0.48
 33;0;0;33;0.52
 73;0;0;73;1.14
 72;0;0;72;1.12
 106;2;0;106;1.66
 27;2;0;27;0.42
 42;1;0;42;0.66
 29;0;0;29;0.45
 14;0;0;14;0.22
 21;10;0;21;0.33
 30;0;0;30;0.47
 30;0;0;30;0.47
 38;9;0;37;0.58
 35;1;0;35;0.55
 14;0;0;14;0.22
 20;0;0;20;0.31
 78;0;0;78;1.22
 23;0;0;23;0.36
 38;0;0;38;0.59
 26;0;0;26;0.41
 27;0;0;27;0.42
 17;7;0;17;0.27
 28;0;0;28;0.44
 24;0;0;24;0.38
 63;32;0;63;0.98
 30;0;0;30;0.47
 81;5;0;81;1.27
 38;0;0;38;0.59
 85;1;0;85;1.33
 48;1;0;48;0.75
 56;0;0;56;0.88
 49;0;0;49;0.77
 28;0;0;28;0.44
 24;5;0;24;0.38
 22;0;0;22;0.34
 23;0;0;23;0.36
 40;5;0;39;0.61
 21;0;0;21;0.33
 26;0;0;26;0.41
 17;0;0;17;0.27
 37;1;0;37;0.58
 25;0;0;25;0.39
 32;0;0;32;0.50
 58;1;0;58;0.91
 30;1;0;30;0.47
 17;0;0;17;0.27
 57;15;0;56;0.88
 19;0;0;19;0.30
 63;83;0;63;0.98
 26;0;0;26;0.41
 30;0;0;30;0.47
 30;0;0;30;0.47
 44;0;0;44;0.69
 30;0;0;30;0.47
 56;1;0;56;0.88
 24;5;0;24;0.38
 33;0;0;33;0.52
 13;0;0;13;0.20
 17;0;0;17;0.27
 20;2;0;20;0.31
 27;0;0;27;0.42
 54;1;0;54;0.84
 27;5;0;27;0.42
 21;7;0;21;0.33
 33;0;0;33;0.52
 20;0;0;20;0.31
 93;1;0;93;1.45
 35;1;0;35;0.55
 38;0;0;38;0.59
 41;0;0;40;0.62
 26;1;0;26;0.41
 18;22;0;18;0.28
 36;0;0;36;0.56
 30;0;0;30;0.47
 29;0;0;29;0.45
 18;10;0;18;0.28
 26;28;0;26;0.41
 15;0;0;15;0.23
 21;0;0;21;0.33
 22;6;0;22;0.34
 31;1;0;31;0.48
 97;3;0;97;1.52
 22;0;0;22;0.34
 23;0;0;23;0.36
 58;12;0;58;0.91
 54;9;0;54;0.84
 83;388;0;83;1.30
 20;0;0;20;0.31
 38;0;0;38;0.59
 18;2;0;18;0.28
 34;0;0;34;0.53
 36;1;0;36;0.56
 32;0;0;32;0.50
 35;1;0;35;0.55
 22;0;0;22;0.34
 16;14;0;16;0.25
 39;0;0;39;0.61
 30;0;0;30;0.47
 41;0;0;41;0.64
 31;0;0;31;0.48
 29;1;0;29;0.45
 23;0;0;23;0.36
 29;0;0;29;0.45
 37;0;0;37;0.58
 22;0;0;22;0.34
 16;1;0;16;0.25
 26;7;0;26;0.41
 24;0;0;24;0.38
 28;0;0;28;0.44
 26;3;0;26;0.41
 29;1;0;29;0.45
 18;1;0;18;0.28
 48;0;0;48;0.75
 34;0;0;34;0.53
 61;0;0;61;0.95
 15;0;0;15;0.23
 19;1;0;19;0.30
 20;4;0;20;0.31
 14;0;0;14;0.22
 28;7;0;28;0.44
 33;0;0;33;0.52
 40;37;0;40;0.62
 23;0;0;23;0.36
 27;0;0;27;0.42
 21;0;0;21;0.33
 24;8;0;24;0.38
 42;0;0;42;0.66
 47;2;0;47;0.73
 21;1;0;21;0.33
 25;1;0;25;0.39
 32;0;0;32;0.50
 41;10;0;40;0.62
 33;0;0;33;0.52
 47;1;0;47;0.73
 24;23;0;24;0.38
 23;11;0;23;0.36
 62;1;0;62;0.97
 38;0;0;38;0.59
 27;0;0;27;0.42
 51;0;0;51;0.80
 48;1;0;48;0.75
 38;0;0;38;0.59
 18;0;0;18;0.28
 21;0;0;21;0.33
 24;0;0;24;0.38
 49;2;0;49;0.77
 36;0;0;36;0.56
 51;0;0;51;0.80
 66;2;0;66;1.03
 34;1;0;34;0.53
 26;1;0;26;0.41
 29;0;0;29;0.45
 25;0;0;25;0.39
 22;11;0;22;0.34
 25;0;0;25;0.39
 25;0;0;25;0.39
 27;2;0;27;0.42
 32;0;0;32;0.50
 18;2;0;18;0.28
 48;0;0;48;0.75
 27;0;0;27;0.42
 23;1;0;23;0.36
 25;0;0;25;0.39
 24;0;0;24;0.38
 21;0;0;21;0.33
 59;7;0;59;0.92
 27;0;0;27;0.42
 44;34;0;44;0.69
 27;0;0;27;0.42
 21;0;0;21;0.33
 27;1;0;27;0.42
 27;0;0;27;0.42
 15;0;0;15;0.23
 26;0;0;26;0.41
 30;1;0;30;0.47
 56;0;0;56;0.88
 19;0;0;19;0.30
 21;0;0;21;0.33
 74;0;0;74;1.16
 19;4;0;19;0.30
 34;1;0;34;0.53
 51;9;0;51;0.80
 48;0;0;48;0.75
 49;1;0;49;0.77
 22;0;0;22;0.34
 35;0;0;35;0.55
 44;5;0;44;0.69
 33;0;0;33;0.52
 19;0;0;19;0.30
 59;0;0;59;0.92
 98;11;0;98;1.53
 46;5;0;46;0.72
 56;93;0;56;0.88
 48;45;0;48;0.75
 21;0;0;21;0.33
 18;0;0;18;0.28
 42;6;0;42;0.66
 26;0;0;26;0.41
 31;0;0;31;0.48
 23;0;0;23;0.36
 24;1;0;24;0.38
 16;1;0;16;0.25
 94;339;0;94;1.47
 30;0;0;30;0.47
 71;1;0;71;1.11
 23;0;0;23;0.36
 48;0;0;48;0.75
 16;29;0;16;0.25
 14;0;0;14;0.22
 24;0;0;24;0.38
 46;2;0;46;0.72
 37;3;0;37;0.58
 35;0;0;35;0.55
 23;1;0;23;0.36
 18;0;0;18;0.28
 12;0;0;12;0.19
 52;112;0;52;0.81
 28;4;0;28;0.44
 21;1;0;21;0.33
 28;0;0;28;0.44
 28;0;0;28;0.44
 40;4;0;40;0.62
 22;0;0;22;0.34
 94;317;0;94;1.47
 24;1;0;24;0.38
 23;0;0;23;0.36
 56;0;0;56;0.88
 19;1;0;19;0.30
 18;0;0;18;0.28
 34;0;0;34;0.53
 42;1;0;42;0.66
 21;1;0;21;0.33
 26;0;0;26;0.41
 18;6;0;18;0.28
 20;0;0;20;0.31
 31;1;0;31;0.48
 45;0;0;45;0.70
 61;5;0;61;0.95
 37;0;0;37;0.58
 21;0;0;21;0.33
 29;1;0;29;0.45
 51;4;0;51;0.80
 44;0;0;44;0.69
 35;1;0;35;0.55
 23;6;0;23;0.36
 33;0;0;33;0.52
 29;0;0;29;0.45
 26;1;0;26;0.41
 21;0;0;21;0.33
 27;0;0;27;0.42
 39;0;0;39;0.61
 23;0;0;23;0.36
 38;0;0;38;0.59
 60;1;0;60;0.94
 22;0;0;22;0.34
 19;0;0;19;0.30
 46;44;0;46;0.72
 18;1;0;18;0.28
 30;48;0;30;0.47
 20;0;0;20;0.31
 31;0;0;31;0.48
 34;0;0;34;0.53
 45;0;0;45;0.70
 21;0;0;21;0.33
 38;11;0;38;0.59
 27;1;0;27;0.42
 65;0;0;65;1.02
 15;11;0;15;0.23
 20;0;0;20;0.31
 24;0;0;24;0.38
 44;2;0;44;0.69
 34;2;0;34;0.53
 31;0;0;31;0.48
 53;5;0;53;0.83
 18;0;0;18;0.28
 15;1;0;15;0.23
 65;76;0;65;1.02
 30;0;0;30;0.47
 43;0;0;43;0.67
 35;0;0;35;0.55
 30;3;0;30;0.47
 22;3;0;22;0.34
 43;0;0;43;0.67
 23;0;0;23;0.36
 21;0;0;21;0.33
 18;0;0;18;0.28
 80;225;0;80;1.25
 19;4;0;19;0.30
 24;1;0;24;0.38
 24;10;0;24;0.38
 34;1;0;34;0.53
 30;2;0;30;0.47
 18;0;0;18;0.28
 19;0;0;19;0.30
 16;0;0;16;0.25
 16;0;0;16;0.25
 44;0;0;44;0.69
 14;0;0;14;0.22
 18;0;0;18;0.28
 29;0;0;29;0.45
 27;1;0;27;0.42
 52;1;0;52;0.81
 21;0;0;21;0.33
 61;0;0;61;0.95
 12;0;0;12;0.19
 23;0;0;23;0.36
 27;0;0;27;0.42
 19;0;0;19;0.30
 31;12;0;31;0.48
 26;2;0;26;0.41
 39;37;0;39;0.61
 39;17;0;39;0.61
 48;1;0;48;0.75
 66;156;0;66;1.03
 46;8;0;46;0.72
 28;3;0;28;0.44
 17;0;0;17;0.27
 23;0;0;23;0.36
 28;7;0;28;0.44
 20;0;0;20;0.31
 23;0;0;23;0.36
 17;11;0;17;0.27
 36;0;0;36;0.56
 14;1;0;14;0.22
 43;0;0;43;0.67
 15;0;0;15;0.23
 26;0;0;26;0.41
 19;0;0;19;0.30
 23;1;0;23;0.36
 29;6;0;29;0.45
 40;6;0;40;0.62
 41;10;0;40;0.62
 23;0;0;23;0.36
 30;2;0;30;0.47
 18;0;0;18;0.28
 17;0;0;17;0.27
 59;0;0;59;0.92
 32;0;0;32;0.50
 14;0;0;14;0.22
 36;0;0;36;0.56
 26;0;0;26;0.41
 82;8;0;82;1.28
 18;1;0;18;0.28
 37;0;0;37;0.58
 25;21;0;24;0.38
 20;58;0;20;0.31
 29;3;0;29;0.45
 12;1;0;12;0.19
 29;9;0;29;0.45
 63;0;0;63;0.98
 38;1;0;38;0.59
 51;1;0;51;0.80
 49;3;0;49;0.77
 55;8;0;55;0.86
 14;3;0;14;0.22
 12;0;0;12;0.19
 35;0;0;35;0.55
 24;0;0;24;0.38
 19;0;0;19;0.30
 22;1;0;22;0.34
 28;2;0;28;0.44
 28;5;0;28;0.44
 67;0;0;67;1.05
 66;0;0;66;1.03
 64;1;0;64;1.00
 21;0;0;21;0.33
 13;0;0;13;0.20
 22;0;0;22;0.34
 28;1;0;28;0.44
 20;1;0;20;0.31
 38;1;0;38;0.59
 19;1;0;19;0.30
 46;0;0;46;0.72
 29;7;0;29;0.45
 17;0;0;17;0.27
 16;1;0;16;0.25
 40;0;0;40;0.62
 18;0;0;18;0.28
 59;0;0;59;0.92
 23;1;0;23;0.36
 28;0;0;28;0.44
 15;0;0;15;0.23
 34;0;0;34;0.53
 20;0;0;20;0.31
 21;15;0;21;0.33
 44;1;0;44;0.69
 67;27;0;67;1.05
 17;0;0;17;0.27
 22;1;0;22;0.34
 21;1;0;21;0.33
 45;8;0;45;0.70
 40;1;0;40;0.62
 40;0;0;40;0.62
 18;0;0;18;0.28
 17;1;0;17;0.27
 19;0;0;19;0.30
 30;0;0;30;0.47
 15;0;0;15;0.23
 18;1;0;18;0.28
 17;0;0;17;0.27
 21;1;0;21;0.33
 18;1;0;18;0.28
 26;3;0;26;0.41
 30;0;0;30;0.47
 13;0;0;13;0.20
 35;132;0;35;0.55
 25;0;0;25;0.39
 28;0;0;28;0.44
 26;0;0;26;0.41
 25;7;0;25;0.39
 39;0;0;39;0.61
 40;1;0;40;0.62
 26;0;0;26;0.41
 39;0;0;39;0.61
 33;1;0;33;0.52
 21;0;0;21;0.33
 33;4;0;33;0.52
 21;0;0;21;0.33
 22;16;0;22;0.34
 27;6;0;27;0.42
 40;1;0;40;0.62
 25;1;0;25;0.39
 58;34;0;58;0.91
 18;1;0;18;0.28
 14;0;0;14;0.22
 32;5;0;32;0.50
 15;0;0;15;0.23
 21;0;0;21;0.33
 13;0;0;13;0.20
 21;0;0;21;0.33
 25;1;0;25;0.39
 42;0;0;42;0.66
 19;0;0;19;0.30
 14;4;0;14;0.22
 20;9;0;20;0.31
 22;1;0;22;0.34
 21;0;0;21;0.33
 17;0;0;17;0.27
 20;18;0;20;0.31
 52;8;0;52;0.81
 31;3;0;31;0.48
 23;2;0;23;0.36
 39;1;0;39;0.61
 45;0;0;45;0.70
 33;1;0;33;0.52
 22;1;0;22;0.34
 18;0;0;18;0.28
 14;0;0;14;0.22
 29;5;0;29;0.45
 18;0;0;18;0.28
 27;0;0;27;0.42
 58;8;0;58;0.91
 22;6;0;22;0.34
 47;0;0;47;0.73
 23;1;0;23;0.36
 31;0;0;31;0.48
 39;0;0;39;0.61
 20;19;0;20;0.31
 21;0;0;21;0.33
 25;1;0;25;0.39
 30;6;0;30;0.47
 27;1;0;27;0.42
 38;0;0;38;0.59
 50;2;0;50;0.78
 53;1;0;53;0.83
 17;6;0;17;0.27
 38;1;0;38;0.59
 18;2;0;18;0.28
 28;14;0;28;0.44
 18;0;0;18;0.28
 30;5;0;30;0.47
 22;0;0;22;0.34
 25;6;0;25;0.39
 26;1;0;26;0.41
 26;0;0;26;0.41
 16;0;0;16;0.25
 28;1;0;28;0.44
 20;0;0;20;0.31
 13;0;0;13;0.20
 22;0;0;21;0.33
 21;0;0;21;0.33
 23;1;0;23;0.36
 39;0;0;39;0.61
 80;7;0;80;1.25
 52;1;0;52;0.81
 16;0;0;16;0.25
 27;0;0;27;0.42
 18;0;0;18;0.28
 20;1;0;20;0.31
 28;0;0;28;0.44
 34;0;0;34;0.53
 23;1;0;23;0.36
 27;0;0;27;0.42
 32;0;0;32;0.50
 26;1;0;26;0.41
 28;0;0;28;0.44
 30;14;0;30;0.47
 16;0;0;16;0.25
 12;0;0;12;0.19
 38;26;0;38;0.59
 36;4;0;36;0.56
 28;1;0;28;0.44
 21;8;0;21;0.33
 13;0;0;13;0.20
 24;0;0;24;0.38
 16;5;0;16;0.25
 53;78;0;53;0.83
 20;0;0;20;0.31
 18;0;0;18;0.28
 27;1;0;27;0.42
 27;0;0;27;0.42
 19;0;0;19;0.30
 20;3;0;20;0.31
 17;0;0;17;0.27
 18;0;0;18;0.28
 16;1;0;16;0.25
 35;10;0;35;0.55
 19;0;0;19;0.30
 12;0;0;12;0.19
 18;0;0;18;0.28
 24;0;0;24;0.38
 19;1;0;18;0.28
 18;0;0;18;0.28
 16;3;0;16;0.25
 29;0;0;29;0.45
 13;0;0;13;0.20
 44;0;0;44;0.69
 14;0;0;14;0.22
 25;8;0;25;0.39
 34;0;0;34;0.53
 35;1;0;35;0.55
 49;61;0;49;0.77
 18;0;0;18;0.28
 34;0;0;34;0.53
 23;0;0;23;0.36
 16;0;0;16;0.25
 11;0;0;11;0.17
 10;0;0;10;0.16
 12;0;0;12;0.19
 29;0;0;29;0.45
 29;1;0;29;0.45
 27;1;0;27;0.42
 37;0;0;37;0.58
 36;1;0;36;0.56
 78;208;0;78;1.22
 14;0;0;14;0.22
 15;4;0;15;0.23
 13;0;0;13;0.20
 11;0;0;11;0.17
 26;0;0;26;0.41
 47;4;0;47;0.73
 18;0;0;18;0.28
 24;0;0;24;0.38
 24;0;0;24;0.38
 18;0;0;18;0.28
 12;0;0;12;0.19
 17;0;0;17;0.27
 18;0;0;18;0.28
 19;0;0;19;0.30
 19;0;0;19;0.30
 28;0;0;28;0.44
 13;1;0;13;0.20
 20;0;0;20;0.31
 35;1;0;35;0.55
 20;0;0;20;0.31
 14;0;0;14;0.22
 15;0;0;15;0.23
 17;32;0;17;0.27
 11;0;0;11;0.17
 17;1;0;17;0.27
 29;0;0;29;0.45
 33;4;0;33;0.52
 28;0;0;28;0.44
 23;0;0;23;0.36
 12;0;0;12;0.19
 18;0;0;18;0.28
 19;1;0;19;0.30
 24;1;0;24;0.38
 17;0;0;17;0.27
 22;0;0;22;0.34
 44;1;0;44;0.69
 25;1;0;25;0.39
 29;0;0;29;0.45
 47;0;0;47;0.73
 15;0;0;15;0.23
 16;0;0;16;0.25
 29;2;0;29;0.45
 10;0;0;10;0.16
 10;0;0;10;0.16
 23;0;0;22;0.34
 21;0;0;21;0.33
 13;1;0;13;0.20
 18;0;0;18;0.28
 11;0;0;11;0.17
 35;8;0;35;0.55
 13;9;0;13;0.20
 23;5;0;23;0.36
 12;1;0;12;0.19
 16;0;0;16;0.25
 25;3;0;25;0.39
 26;1;0;26;0.41
 19;1;0;19;0.30
 29;0;0;29;0.45
 15;0;0;15;0.23
 56;173;0;55;0.86
 13;2;0;13;0.20
 17;0;0;17;0.27
 13;0;0;13;0.20
 11;2;0;11;0.17
 17;0;0;17;0.27
 22;5;0;22;0.34
 24;0;0;24;0.38
 62;7;0;62;0.97
 17;0;0;17;0.27
 38;50;0;38;0.59
 19;22;0;19;0.30
 34;53;0;34;0.53
 17;0;0;17;0.27
 18;0;0;18;0.28
 31;0;0;31;0.48
 31;1;0;31;0.48
 20;1;0;20;0.31
 29;1;0;29;0.45
 37;0;0;37;0.58
 32;0;0;32;0.50
 13;0;0;13;0.20
 35;1;0;35;0.55
 11;0;0;11;0.17
 14;1;0;14;0.22
 19;0;0;19;0.30
 84;24;0;84;1.31
 58;0;0;58;0.91
 42;0;0;42;0.66
 38;2;0;38;0.59
 16;1;0;16;0.25
 14;0;0;14;0.22
 34;2;0;34;0.53
 62;1;0;62;0.97
 19;0;0;19;0.30
 28;0;0;28;0.44
 23;0;0;23;0.36
 20;0;0;20;0.31
 44;7;0;44;0.69
 18;1;0;18;0.28
 12;1;0;12;0.19
 28;0;0;28;0.44
 46;27;0;46;0.72
 18;0;0;18;0.28
 23;0;0;23;0.36
 18;0;0;18;0.28
 60;27;0;60;0.94
 16;50;0;16;0.25
 15;43;0;15;0.23
 15;3;0;15;0.23
 27;2;0;27;0.42
 11;66;0;11;0.17
 12;2;0;12;0.19
 10;1;0;10;0.16
 9;0;0;9;0.14
 26;0;0;26;0.41
 26;12;0;26;0.41
 34;1;0;34;0.53
 19;0;0;19;0.30
 88;62;0;88;1.38
 26;7;0;26;0.41
 36;1;0;36;0.56
 17;0;0;17;0.27
 26;0;0;26;0.41
 23;3;0;23;0.36
 21;2;0;21;0.33
 26;1;0;26;0.41
 22;0;0;22;0.34
 50;2;0;50;0.78
 30;86;0;30;0.47
 15;0;0;15;0.23
 26;6;0;26;0.41
 67;0;0;67;1.05
 15;22;0;15;0.23
 13;0;0;13;0.20
 25;1;0;25;0.39
 24;0;0;24;0.38
 15;14;0;15;0.23
 18;0;0;18;0.28
 60;114;0;60;0.94
 22;0;0;22;0.34
 12;0;0;12;0.19
 11;0;0;11;0.17
 15;0;0;15;0.23
 30;14;0;30;0.47
 17;2;0;17;0.27
 36;1;0;36;0.56
 28;0;0;28;0.44
 13;0;0;13;0.20
 12;0;0;12;0.19
 18;0;0;18;0.28
 13;0;0;13;0.20
 24;0;0;24;0.38
 12;1;0;12;0.19
 17;0;0;17;0.27
 23;1;0;23;0.36
 32;0;0;32;0.50
 47;0;0;47;0.73
 42;0;0;42;0.66
 33;0;0;33;0.52
 21;0;0;21;0.33
 26;1;0;26;0.41
 34;2;0;34;0.53
 16;0;0;16;0.25
 60;103;0;60;0.94
 43;0;0;43;0.67
 26;1;0;26;0.41
 25;1;0;25;0.39
 23;0;0;23;0.36
 10;4;0;10;0.16
 14;1;0;14;0.22
 10;0;0;10;0.16
 12;0;0;12;0.19
 10;0;0;10;0.16
 12;0;0;12;0.19
 26;1;0;26;0.41
 33;0;0;33;0.52
 34;2;0;34;0.53
 39;0;0;39;0.61
 22;1;0;22;0.34
 41;1;0;41;0.64
 21;0;0;21;0.33
 13;21;0;13;0.20
 20;3;0;20;0.31
 14;0;0;14;0.22
 18;0;0;18;0.28
 23;0;0;23;0.36
 23;0;0;23;0.36
 28;0;0;28;0.44
 18;2;0;18;0.28
 30;10;0;30;0.47
 13;0;0;13;0.20
 44;1;0;44;0.69
 24;0;0;24;0.38
 32;99;0;32;0.50
 40;5;0;40;0.62
 96;0;0;96;1.50
 39;0;0;39;0.61
 14;1;0;14;0.22
 13;3;0;13;0.20
 19;1;0;19;0.30
 41;6;0;41;0.64
 30;1;0;30;0.47
 14;0;0;14;0.22
 11;0;0;11;0.17
 18;0;0;18;0.28
 24;0;0;24;0.38
 23;0;0;23;0.36
 30;0;0;30;0.47
 13;0;0;13;0.20
 20;2;0;20;0.31
 30;0;0;30;0.47
 26;0;0;26;0.41
 17;3;0;17;0.27
 20;0;0;20;0.31
 20;1;0;20;0.31
 22;0;0;22;0.34
 25;1;0;25;0.39
 18;1;0;18;0.28
 54;116;0;54;0.84
 26;1;0;26;0.41
 20;7;0;20;0.31
 24;0;0;24;0.38
 23;1;0;23;0.36
 18;3;0;18;0.28
 18;1;0;18;0.28
 19;1;0;19;0.30
 33;0;0;33;0.52
 13;0;0;13;0.20
 12;0;0;12;0.19
 23;1;0;23;0.36
 26;0;0;26;0.41
 19;0;0;19;0.30
 12;1;0;12;0.19
 19;1;0;19;0.30
 21;1;0;21;0.33
 24;0;0;24;0.38
 42;0;0;42;0.66
 12;4;0;12;0.19
 47;0;0;47;0.73
 25;1;0;25;0.39
 23;1;0;23;0.36
 25;1;0;25;0.39
 18;0;0;18;0.28
 26;0;0;26;0.41
 19;0;0;19;0.30
 28;1;0;28;0.44
 16;0;0;16;0.25
 22;0;0;22;0.34
 20;0;0;20;0.31
 23;0;0;23;0.36
 24;0;0;24;0.38
 27;0;0;27;0.42
 16;0;0;16;0.25
 18;0;0;18;0.28
 18;0;0;18;0.28
 67;0;0;67;1.05
 18;0;0;18;0.28
 16;1;0;16;0.25
 31;0;0;31;0.48
 26;0;0;26;0.41
 22;0;0;22;0.34
 14;0;0;14;0.22
 20;0;0;20;0.31
 16;0;0;16;0.25
 24;0;0;24;0.38
 22;0;0;22;0.34
 27;0;0;27;0.42
 19;0;0;19;0.30
 20;0;0;20;0.31
 17;0;0;17;0.27
 24;0;0;24;0.38
 16;0;0;16;0.25
 16;0;0;16;0.25
 24;0;0;24;0.38
 21;0;0;21;0.33
 30;0;0;30;0.47
 12;0;0;12;0.19
 10;0;0;10;0.16
 11;0;0;11;0.17
 14;0;0;14;0.22
 18;0;0;18;0.28
 20;0;0;20;0.31
 17;0;0;17;0.27
 7;0;0;7;0.11
 18;0;0;18;0.28
 18;1;0;18;0.28
 16;0;0;16;0.25
 14;0;0;14;0.22
 12;0;0;12;0.19
 10;0;0;10;0.16
 12;0;0;12;0.19
 20;0;0;20;0.31
 19;0;0;19;0.30
 8;0;0;8;0.12
 42;0;0;42;0.66
 33;0;0;33;0.52
 32;67;0;32;0.50
 15;1;0;15;0.23
 27;0;0;27;0.42
 12;0;0;12;0.19
 12;0;0;12;0.19
 42;0;0;42;0.66
 63;3;0;63;0.98
 10;0;0;10;0.16
 16;0;0;16;0.25
 26;0;0;26;0.41
 21;1;0;21;0.33
 40;31;0;40;0.62
 15;1;0;15;0.23
 10;0;0;10;0.16
 14;0;0;14;0.22
 38;0;0;38;0.59
 29;0;0;29;0.45
 15;0;0;15;0.23
 23;0;0;23;0.36
 28;3;0;28;0.44
 13;0;0;13;0.20
 43;0;0;43;0.67
 13;0;0;13;0.20
 22;0;0;22;0.34
 18;0;0;18;0.28
 49;103;0;49;0.77
 12;1;0;12;0.19
 18;0;0;18;0.28
 29;2;0;29;0.45
 37;0;0;37;0.58
 28;1;0;28;0.44
 24;0;0;24;0.38
 15;1;0;15;0.23
 14;1;0;14;0.22
 13;0;0;13;0.20
 17;0;0;17;0.27
 13;3;0;13;0.20
 13;1;0;13;0.20
 25;0;0;25;0.39
 22;0;0;22;0.34
 13;0;0;13;0.20
 16;0;0;16;0.25
 20;10;0;20;0.31
 10;0;0;10;0.16
 22;14;0;22;0.34
 14;0;0;14;0.22
 27;0;0;27;0.42
 9;0;0;9;0.14
 26;0;0;26;0.41
 35;0;0;35;0.55
 13;0;0;13;0.20
 17;7;0;17;0.27
 25;0;0;25;0.39
 12;0;0;12;0.19
 11;10;0;11;0.17
 12;0;0;12;0.19
 7;0;0;7;0.11
 8;0;0;8;0.12
 24;0;0;24;0.38
 32;0;0;32;0.50
 40;0;0;40;0.62
 20;0;0;20;0.31
 12;0;0;12;0.19
 10;1;0;10;0.16
 17;0;0;17;0.27
 11;0;0;11;0.17
 9;0;0;9;0.14
 11;5;0;11;0.17
 18;11;0;18;0.28
 19;0;0;19;0.30
 12;1;0;12;0.19
 12;0;0;12;0.19
 11;0;0;11;0.17
 16;0;0;16;0.25
 9;0;0;9;0.14
 11;0;0;11;0.17
 8;0;0;8;0.12
 12;0;0;12;0.19
 21;1;0;21;0.33
 22;0;0;22;0.34
 12;0;0;12;0.19
 14;2;0;14;0.22
 10;1;0;10;0.16
 48;1;0;48;0.75
 26;0;0;26;0.41
 14;0;0;14;0.22
 9;0;0;9;0.14
 27;0;0;27;0.42
 19;1;0;19;0.30
 28;1;0;28;0.44
 17;0;0;17;0.27
 16;1;0;16;0.25
 15;0;0;15;0.23
 15;0;0;15;0.23
 8;0;0;8;0.12
 9;4;0;9;0.14
 11;0;0;11;0.17
 12;0;0;12;0.19
 39;0;0;39;0.61
 27;0;0;27;0.42
 25;0;0;25;0.39
 33;1;0;33;0.52
 23;1;0;23;0.36
 9;0;0;9;0.14
 11;1;0;11;0.17
 14;0;0;14;0.22
 18;0;0;18;0.28
 18;0;0;18;0.28
 37;0;0;37;0.58
 31;0;0;31;0.48
 12;0;0;12;0.19
 35;1;0;35;0.55
 14;1;0;14;0.22
 10;2;0;10;0.16
 15;0;0;15;0.23
 11;9;0;11;0.17
 9;0;0;9;0.14
 9;0;0;9;0.14
 18;2;0;18;0.28
 18;0;0;18;0.28
 13;1;0;13;0.20
 24;0;0;24;0.38
 24;0;0;24;0.38
 65;8;0;65;1.02
 18;0;0;18;0.28
 9;1;0;9;0.14
 23;0;0;23;0.36
 14;0;0;14;0.22
 21;0;0;21;0.33
 24;0;0;24;0.38
 20;0;0;20;0.31
 19;0;0;19;0.30
 15;1;0;15;0.23
 16;0;0;16;0.25
 11;3;0;11;0.17
 16;0;0;16;0.25
 9;0;0;9;0.14
 12;0;0;12;0.19
 15;0;0;15;0.23
 21;1;0;21;0.33
 11;0;0;11;0.17
 18;0;0;18;0.28
 15;0;0;15;0.23
 10;1;0;10;0.16
 12;0;0;12;0.19
 20;0;0;20;0.31
 12;0;0;12;0.19
 19;1;0;19;0.30
 27;0;0;27;0.42
 26;0;0;26;0.41
 24;7;0;24;0.38
 42;0;0;42;0.66
 14;38;0;14;0.22
 13;1;0;13;0.20
 12;0;0;12;0.19
 21;0;0;21;0.33
 11;10;0;11;0.17
 8;0;0;8;0.12
 18;0;0;18;0.28
 24;8;0;24;0.38
 12;0;0;12;0.19
 13;2;0;13;0.20
 14;0;0;14;0.22
 18;0;0;18;0.28
 97;0;0;97;1.52
 49;5;0;49;0.77
 13;0;0;13;0.20
 20;0;0;20;0.31
 32;0;0;32;0.50
 28;0;0;28;0.44
 13;1;0;13;0.20
 13;0;0;13;0.20
 15;0;0;15;0.23
 14;1;0;14;0.22
 11;0;0;11;0.17
 19;0;0;19;0.30
 14;0;0;14;0.22
 9;0;0;9;0.14
 18;0;0;18;0.28
 22;0;0;22;0.34
 14;0;0;14;0.22
 13;0;0;13;0.20
 15;0;0;15;0.23
 15;0;0;15;0.23
 30;0;0;30;0.47
 10;8;0;10;0.16
 9;0;0;9;0.14
 12;0;0;12;0.19
 24;0;0;24;0.38
 32;0;0;32;0.50
 15;0;0;15;0.23
 13;3;0;13;0.20
 11;0;0;11;0.17
 9;0;0;9;0.14
 8;1;0;8;0.12
 8;0;0;8;0.12
 11;0;0;11;0.17
 12;0;0;12;0.19
 30;1;0;30;0.47
 23;0;0;23;0.36
 23;0;0;23;0.36
 34;0;0;34;0.53
 9;0;0;9;0.14
 12;0;0;12;0.19
 30;0;0;30;0.47
 8;0;0;8;0.12
 12;0;0;12;0.19
 13;0;0;13;0.20
 31;0;0;31;0.48
 52;1;0;52;0.81
 13;0;0;13;0.20
 15;8;0;15;0.23
 10;0;0;10;0.16
 9;0;0;9;0.14
 40;0;0;40;0.62
 11;0;0;11;0.17
 11;0;0;11;0.17
 12;1;0;12;0.19
 11;0;0;11;0.17
 22;0;0;22;0.34
 14;0;0;14;0.22
 14;0;0;14;0.22
 11;1;0;11;0.17
 10;0;0;10;0.16
 22;0;0;22;0.34
 10;0;0;10;0.16
 13;0;0;13;0.20
 19;4;0;19;0.30
 17;0;0;17;0.27
 18;0;0;18;0.28
 26;0;0;26;0.41
 15;0;0;15;0.23
 12;1;0;12;0.19
 12;0;0;12;0.19
 9;0;0;9;0.14
 9;4;0;9;0.14
 9;0;0;9;0.14
 14;0;0;14;0.22
 23;0;0;23;0.36
 24;0;0;24;0.38
 42;14;0;42;0.66
 12;0;0;12;0.19
 12;0;0;12;0.19
 11;0;0;11;0.17
 11;0;0;11;0.17
 9;0;0;9;0.14
 11;0;0;11;0.17
 13;0;0;13;0.20
 17;0;0;17;0.27
 15;0;0;15;0.23
 15;0;0;15;0.23
 26;0;0;26;0.41
 25;0;0;25;0.39
 9;0;0;9;0.14
 31;0;0;31;0.48
 21;1;0;21;0.33
 9;0;0;9;0.14
 10;1;0;10;0.16
 25;0;0;25;0.39
 28;0;0;28;0.44
 31;1;0;31;0.48
 18;0;0;18;0.28
 18;0;0;18;0.28
 69;0;0;69;1.08
 24;0;0;24;0.38
 14;1;0;14;0.22
 16;0;0;16;0.25
 11;0;0;11;0.17
 19;0;0;19;0.30
 30;1;0;30;0.47
 27;0;0;27;0.42
 13;2;0;13;0.20
 14;6;0;14;0.22
 16;0;0;16;0.25
 24;31;0;24;0.38
 14;0;0;14;0.22
 12;0;0;12;0.19
 31;0;0;31;0.48
 19;0;0;19;0.30
 20;3;0;20;0.31
 18;0;0;18;0.28
 19;0;0;19;0.30
 12;0;0;12;0.19
 12;0;0;12;0.19
 12;0;0;12;0.19
 9;5;0;9;0.14
 9;1;0;9;0.14
 12;0;0;12;0.19
 22;0;0;22;0.34
 24;0;0;24;0.38
 20;0;0;20;0.31
 18;0;0;18;0.28
 13;0;0;13;0.20
 8;20;0;8;0.12
 13;0;0;13;0.20
 15;0;0;15;0.23
 12;0;0;12;0.19
 20;0;0;20;0.31
 23;0;0;23;0.36
 30;1;0;30;0.47
 16;1;0;16;0.25
 29;1;0;29;0.45
 15;6;0;15;0.23
 14;0;0;14;0.22
 18;4;0;18;0.28
 9;0;0;9;0.14
 11;0;0;11;0.17
 14;0;0;14;0.22
 21;4;0;21;0.33
 25;1;0;25;0.39
 14;0;0;14;0.22
 21;6;0;21;0.33
 11;0;0;11;0.17
 13;0;0;13;0.20
 9;0;0;9;0.14
 10;0;0;10;0.16
 14;0;0;14;0.22
 11;1;0;11;0.17
 27;0;0;27;0.42
 24;0;0;24;0.38
 11;1;0;11;0.17
 15;0;0;15;0.23
 23;0;0;23;0.36
 37;0;0;37;0.58
 20;0;0;20;0.31
 12;0;0;12;0.19
 9;0;0;9;0.14
 12;0;0;12;0.19
 28;0;0;28;0.44
 36;6;0;36;0.56
 18;0;0;18;0.28
 17;0;0;17;0.27
 17;0;0;17;0.27
 10;0;0;10;0.16
 18;0;0;18;0.28
 24;0;0;24;0.38
 12;2;0;12;0.19
 14;0;0;14;0.22
 12;0;0;12;0.19
 23;0;0;23;0.36
 24;0;0;24;0.38
 14;0;0;14;0.22
 18;0;0;18;0.28
 10;1;0;10;0.16
 18;1;0;18;0.28
 19;0;0;19;0.30
 13;0;0;13;0.20
 27;0;0;27;0.42
 24;0;0;24;0.38
 25;0;0;25;0.39
 18;1;0;18;0.28
 14;0;0;14;0.22
 14;0;0;14;0.22
 46;0;0;46;0.72
 12;0;0;12;0.19
 12;0;0;12;0.19
 8;12;0;8;0.12
 14;0;0;14;0.22
 22;0;0;22;0.34
 27;0;0;27;0.42
 12;0;0;12;0.19
 33;0;0;33;0.52
 19;0;0;19;0.30
 26;0;0;26;0.41
 12;0;0;12;0.19
 18;0;0;18;0.28
 10;0;0;10;0.16
 18;7;0;18;0.28
 18;0;0;18;0.28
 40;0;0;40;0.62
 32;0;0;32;0.50
 21;1;0;21;0.33
 39;0;0;39;0.61
 26;1;0;26;0.41
 13;0;0;13;0.20
 12;0;0;12;0.19
 14;0;0;14;0.22
 14;0;0;14;0.22
 16;1;0;16;0.25
 18;0;0;18;0.28
 17;0;0;17;0.27
 26;0;0;26;0.41
 12;1;0;12;0.19
 15;0;0;15;0.23
 18;0;0;18;0.28
 18;0;0;18;0.28
 11;0;0;11;0.17
 22;3;0;22;0.34
 17;1;0;17;0.27
 20;1;0;20;0.31
 20;0;0;20;0.31
 15;0;0;15;0.23
 16;0;0;16;0.25
 20;0;0;20;0.31
 11;0;0;11;0.17
 16;0;0;16;0.25
 11;0;0;11;0.17
 18;0;0;18;0.28
 21;4;0;21;0.33
 26;0;0;26;0.41
 13;0;0;13;0.20
 24;0;0;24;0.38
 12;0;0;12;0.19
 15;0;0;15;0.23
 21;3;0;21;0.33
 14;0;0;14;0.22
 11;0;0;11;0.17
 18;0;0;18;0.28
 15;0;0;15;0.23
 27;1;0;27;0.42
 20;1;0;20;0.31
 18;0;0;18;0.28
 12;0;0;12;0.19
 13;0;0;13;0.20
 15;0;0;15;0.23
 16;0;0;16;0.25
 10;0;0;10;0.16
 13;0;0;13;0.20
 24;0;0;24;0.38
 32;1;0;32;0.50
 36;4;0;36;0.56
 19;0;0;19;0.30
 17;1;0;17;0.27
 17;1;0;17;0.27
 22;1;0;22;0.34
 35;0;0;35;0.55
 11;0;0;11;0.17
 10;0;0;10;0.16
 25;0;0;25;0.39
 27;1;0;27;0.42
 20;0;0;20;0.31
 15;0;0;15;0.23
 14;1;0;14;0.22
 27;4;0;27;0.42
 25;0;0;25;0.39
 17;0;0;17;0.27
 14;0;0;14;0.22
 16;0;0;16;0.25
 19;0;0;19;0.30
 23;0;0;23;0.36
 25;0;0;25;0.39
 19;0;0;19;0.30
 21;0;0;21;0.33
 15;0;0;15;0.23
 14;0;0;14;0.22
 14;0;0;14;0.22
 13;0;0;13;0.20
 13;0;0;13;0.20
 21;0;0;21;0.33
 38;0;0;38;0.59
 23;0;0;23;0.36
 18;0;0;18;0.28
 15;0;0;15;0.23
 21;0;0;21;0.33
 36;8;0;36;0.56
 21;0;0;21;0.33
 12;0;0;12;0.19
 11;0;0;11;0.17
 25;0;0;25;0.39
 25;0;0;25;0.39
 22;1;0;22;0.34
 41;0;0;41;0.64
 37;0;0;37;0.58
 31;3;0;31;0.48
 27;0;0;27;0.42
 21;0;0;21;0.33
 15;0;0;15;0.23
 10;0;0;10;0.16
 31;0;0;31;0.48
 28;2;0;28;0.44
 15;0;0;15;0.23
 16;0;0;16;0.25
 12;5;0;12;0.19
 21;8;0;21;0.33
 17;4;0;17;0.27
 13;0;0;13;0.20
 14;0;0;14;0.22
 12;0;0;12;0.19
 27;0;0;27;0.42
 26;1;0;26;0.41
 20;1;0;20;0.31
 15;2;0;15;0.23
 13;8;0;13;0.20
 32;1;0;32;0.50
 35;1;0;35;0.55
 27;49;0;27;0.42
 31;0;0;31;0.48
 16;8;0;16;0.25
 32;0;0;32;0.50
 26;0;0;26;0.41
 37;0;0;37;0.58
 33;0;0;33;0.52
 16;2;0;16;0.25
 23;1;0;23;0.36
 43;93;0;43;0.67
 13;0;0;13;0.20
 21;0;0;21;0.33
 24;0;0;24;0.38
 29;0;0;29;0.45
 37;6;0;37;0.58
 32;1;0;32;0.50
 23;0;0;23;0.36
 49;2;0;49;0.77
 14;1;0;14;0.22
 13;0;0;13;0.20
 58;1;0;58;0.91
 16;0;0;16;0.25
 14;0;0;14;0.22
 27;0;0;27;0.42
 33;1;0;33;0.52
 29;0;0;29;0.45
 40;0;0;40;0.62
 26;2;0;26;0.41
 26;11;0;26;0.41
 26;0;0;26;0.41
 35;1;0;35;0.55
 32;0;0;32;0.50
 18;0;0;18;0.28
 23;0;0;23;0.36
 42;1;0;42;0.66
 47;2;0;47;0.73
 19;14;0;19;0.30
 19;0;0;19;0.30
 15;0;0;15;0.23
 23;13;0;23;0.36
 38;0;0;38;0.59
 27;7;0;27;0.42
 22;0;0;22;0.34
 42;6;0;42;0.66
 34;9;0;34;0.53
 22;1;0;22;0.34
 40;2;0;40;0.62
 29;1;0;29;0.45
 55;1;0;55;0.86
 22;0;0;22;0.34
 32;0;0;32;0.50
 14;0;0;14;0.22
 14;0;0;14;0.22
 28;0;0;28;0.44
 37;0;0;37;0.58
 29;1;0;29;0.45
 30;0;0;30;0.47
 18;0;0;18;0.28
 17;0;0;17;0.27
 20;0;0;20;0.31
 63;174;0;63;0.98
 20;0;0;20;0.31
 17;0;0;17;0.27
 24;0;0;24;0.38
 40;2;0;39;0.61
 41;17;0;41;0.64
 28;12;0;28;0.44
 38;0;0;38;0.59
 38;0;0;38;0.59
 23;0;0;23;0.36
 30;0;0;30;0.47
 20;0;0;20;0.31
 21;0;0;21;0.33
 26;0;0;26;0.41
 33;4;0;33;0.52
 27;1;0;27;0.42
 39;0;0;39;0.61
 61;125;0;61;0.95
 70;325;0;70;1.09
 17;38;0;17;0.27
 25;0;0;25;0.39
 29;0;0;29;0.45
 23;0;0;23;0.36
 23;0;0;23;0.36
 32;0;0;32;0.50
 29;1;0;29;0.45
 18;0;0;18;0.28
 18;0;0;18;0.28
 18;5;0;18;0.28
 34;1;0;34;0.53
 30;0;0;30;0.47
 15;4;0;15;0.23
 31;0;0;31;0.48
 32;0;0;32;0.50
 52;0;0;52;0.81
 24;0;0;24;0.38
 21;0;0;21;0.33
 70;1;0;70;1.09
 22;1;0;22;0.34
 24;0;0;24;0.38
 70;1;0;70;1.09
 28;2;0;28;0.44
 27;1;0;27;0.42
 35;4;0;35;0.55
 30;0;0;30;0.47
 24;3;0;24;0.38
 26;0;0;26;0.41
 22;0;0;22;0.34
 16;0;0;16;0.25
 27;41;0;27;0.42
 20;0;0;20;0.31
 20;0;0;20;0.31
 32;0;0;32;0.50
 23;0;0;23;0.36
 27;0;0;27;0.42
 34;6;0;34;0.53
 42;2;0;42;0.66
 82;211;0;82;1.28
 26;0;0;26;0.41
 24;0;0;24;0.38
 25;0;0;25;0.39
 24;0;0;24;0.38
 22;0;0;22;0.34
 33;0;0;33;0.52
 32;2;0;32;0.50
 42;0;0;42;0.66
 44;148;0;44;0.69
 31;38;0;31;0.48
 31;2;0;31;0.48
 15;0;0;15;0.23
 58;28;0;58;0.91
 21;0;0;21;0.33
 36;0;0;36;0.56
 26;0;0;26;0.41
 34;6;0;34;0.53
 21;4;0;21;0.33
 37;1;0;37;0.58
 45;61;0;45;0.70
 20;0;0;20;0.31
 28;0;0;28;0.44
 17;0;0;17;0.27
 24;11;0;24;0.38
 26;2;0;26;0.41
 27;0;0;27;0.42
 35;1;0;35;0.55
 35;0;0;35;0.55
 30;0;0;30;0.47
 20;1;0;20;0.31
 34;1;0;34;0.53
 26;0;0;26;0.41
 39;0;0;39;0.61
 25;0;0;25;0.39
 25;0;0;25;0.39
 26;0;0;26;0.41
 30;0;0;30;0.47
 31;1;0;31;0.48
 35;0;0;35;0.55
 34;0;0;34;0.53
 140;168;0;128;2.00
 43;0;0;43;0.67
 25;8;0;25;0.39
 19;5;0;19;0.30
 41;0;0;41;0.64
 23;5;0;23;0.36
 28;0;0;28;0.44
 24;3;0;24;0.38
 22;0;0;22;0.34
 24;8;0;24;0.38
 14;0;0;14;0.22
 30;1;0;30;0.47
 31;9;0;31;0.48
 30;7;0;30;0.47
 33;0;0;33;0.52
 30;0;0;30;0.47
 66;2;0;66;1.03
 32;1;0;32;0.50
 50;0;0;50;0.78
 53;38;0;53;0.83
 129;307;0;128;2.00
 28;4;0;28;0.44
 24;3;0;24;0.38
 62;3;0;62;0.97
 24;2;0;24;0.38
 29;1;0;29;0.45
 33;1;0;33;0.52
 30;2;0;30;0.47
 35;1;0;35;0.55
 38;0;0;38;0.59
 54;5;0;54;0.84
 30;16;0;30;0.47
 34;12;0;34;0.53
 30;2;0;30;0.47
 26;0;0;26;0.41
 38;0;0;38;0.59
 40;0;0;40;0.62
 32;0;0;32;0.50
 42;0;0;42;0.66
 74;32;0;74;1.16
 30;1;0;30;0.47
 69;0;0;69;1.08
 25;0;0;25;0.39
 18;5;0;18;0.28
 16;3;0;16;0.25
 33;0;0;33;0.52
 62;0;0;62;0.97
 27;2;0;27;0.42
 56;1;0;56;0.88
 74;46;0;74;1.16
 40;1;0;40;0.62
 30;6;0;30;0.47
 83;0;0;83;1.30
 31;0;0;31;0.48
 33;0;0;33;0.52
 39;1;0;38;0.59
 37;0;0;37;0.58
 26;0;0;26;0.41
 37;0;0;37;0.58
 43;5;0;43;0.67
 34;0;0;34;0.53
 23;1;0;23;0.36
 93;0;0;93;1.45
 29;0;0;29;0.45
 33;0;0;33;0.52
 30;0;0;30;0.47
 33;0;0;33;0.52
 35;44;0;35;0.55
 17;0;0;17;0.27
 19;0;0;19;0.30
 36;0;0;36;0.56
 40;0;0;40;0.62
 49;7;0;49;0.77
 33;7;0;33;0.52
 18;1;0;18;0.28
 27;0;0;27;0.42
 30;0;0;30;0.47
 50;94;0;50;0.78
 25;0;0;25;0.39
 35;0;0;35;0.55
 35;0;0;35;0.55
 27;0;0;27;0.42
 52;0;0;52;0.81
 32;0;0;32;0.50
 56;1;0;56;0.88
 26;0;0;26;0.41
 59;1;0;59;0.92
 36;7;0;36;0.56
 34;0;0;34;0.53
 50;1;0;50;0.78
 28;6;0;28;0.44
 72;61;0;72;1.12
 57;0;0;57;0.89
 28;2;0;28;0.44
 32;55;0;32;0.50
 31;0;0;31;0.48
 43;123;0;43;0.67
 21;0;0;21;0.33
 45;0;0;45;0.70
 49;1;0;49;0.77
 53;128;0;53;0.83
 16;0;0;16;0.25
 37;0;0;37;0.58
 38;4;0;38;0.59
 27;1;0;27;0.42
 47;0;0;47;0.73
 66;17;0;66;1.03
 45;8;0;45;0.70
 84;0;0;84;1.31
 28;0;0;28;0.44
 24;0;0;24;0.38
 16;5;0;16;0.25
 36;1;0;36;0.56
 37;1;0;37;0.58
 53;94;0;53;0.83
 43;0;0;43;0.67
 41;10;0;41;0.64
 31;1;0;31;0.48
 17;0;0;17;0.27
 43;11;0;43;0.67
 47;1;0;46;0.72
 38;0;0;38;0.59
 60;4;0;60;0.94
 23;0;0;23;0.36
 28;0;0;28;0.44
 22;1;0;22;0.34
 28;5;0;28;0.44
 25;0;0;25;0.39
 56;0;0;56;0.88
 19;1;0;19;0.30
 21;0;0;21;0.33
 28;0;0;28;0.44
 42;0;0;42;0.66
 21;0;0;21;0.33
 23;0;0;23;0.36
 31;0;0;31;0.48
 28;0;0;28;0.44
 30;3;0;30;0.47
 58;0;0;58;0.91
 96;178;0;96;1.50
 25;0;0;25;0.39
 27;2;0;27;0.42
 34;2;0;34;0.53
 39;0;0;39;0.61
 27;0;0;27;0.42
 32;0;0;32;0.50
 40;2;0;40;0.62
 19;4;0;19;0.30
 20;1;0;20;0.31
 27;0;0;27;0.42
 28;0;0;28;0.44
 32;0;0;32;0.50
 16;0;0;16;0.25
 24;0;0;24;0.38
 38;0;0;38;0.59
 25;2;0;25;0.39
 32;4;0;32;0.50
 16;0;0;16;0.25
 76;41;0;76;1.19
 21;1;0;21;0.33
 48;3;0;48;0.75
 21;10;0;21;0.33
 20;0;0;20;0.31
 21;0;0;21;0.33
 25;0;0;25;0.39
 34;0;0;34;0.53
 33;1;0;33;0.52
 33;0;0;33;0.52
 19;0;0;19;0.30
 18;0;0;18;0.28
 18;6;0;18;0.28
 24;3;0;24;0.38
 22;5;0;22;0.34
 17;0;0;17;0.27
 25;0;0;25;0.39
 27;10;0;27;0.42
 21;0;0;21;0.33
 20;1;0;20;0.31
 33;0;0;33;0.52
 25;0;0;25;0.39
 28;0;0;28;0.44
 39;1;0;39;0.61
 79;0;0;79;1.23
 27;0;0;27;0.42
 34;0;0;34;0.53
 39;0;0;39;0.61
 54;1;0;54;0.84
 41;1;0;41;0.64
 19;0;0;19;0.30
 16;0;0;16;0.25
 37;1;0;37;0.58
 24;0;0;24;0.38
 18;0;0;18;0.28
 19;2;0;19;0.30
 18;1;0;18;0.28
 46;1;0;46;0.72
 39;6;0;39;0.61
 22;0;0;22;0.34
 34;0;0;34;0.53
 24;0;0;24;0.38
 33;0;0;33;0.52
 33;0;0;33;0.52
 77;0;0;77;1.20
 20;0;0;20;0.31
 17;1;0;17;0.27
 24;0;0;24;0.38
 31;8;0;31;0.48
 21;1;0;21;0.33
 63;0;0;63;0.98
 18;0;0;18;0.28
 28;2;0;28;0.44
 47;5;0;47;0.73
 17;0;0;17;0.27
 30;0;0;30;0.47
 28;0;0;28;0.44
 32;0;0;32;0.50
 26;0;0;26;0.41
 30;0;0;30;0.47
 28;0;0;28;0.44
 23;0;0;23;0.36
 55;114;0;55;0.86
 49;10;0;49;0.77
 67;100;0;67;1.05
 13;5;0;13;0.20
 14;0;0;14;0.22
 39;3;0;39;0.61
 27;1;0;27;0.42
 58;1;0;58;0.91
 51;0;0;51;0.80
 21;0;0;21;0.33
 28;3;0;28;0.44
 36;9;0;36;0.56
 34;0;0;34;0.53
 13;0;0;13;0.20
 22;0;0;22;0.34
 28;0;0;28;0.44
 38;0;0;38;0.59
 31;3;0;31;0.48
 31;2;0;31;0.48
 21;0;0;21;0.33
 18;6;0;18;0.28
 31;7;0;31;0.48
 68;23;0;68;1.06
 43;1;0;43;0.67
 23;1;0;23;0.36
 37;1;0;37;0.58
 37;1;0;37;0.58
 24;0;0;24;0.38
 26;1;0;26;0.41
 22;5;0;22;0.34
 59;0;0;59;0.92
 15;0;0;15;0.23
 41;2;0;41;0.64
 17;0;0;17;0.27
 14;0;0;14;0.22
 33;1;0;33;0.52
 37;11;0;37;0.58
 40;1;0;40;0.62
 25;8;0;25;0.39
 39;0;0;39;0.61
 29;0;0;29;0.45
 14;3;0;14;0.22
 22;0;0;22;0.34
 31;2;0;31;0.48
 18;0;0;18;0.28
 27;1;0;27;0.42
 34;3;0;34;0.53
 101;3;0;101;1.58
 43;0;0;43;0.67
 58;0;0;58;0.91
 24;2;0;24;0.38
 13;1;0;13;0.20
 15;0;0;15;0.23
 48;3;0;48;0.75
 31;0;0;31;0.48
 23;0;0;23;0.36
 25;0;0;25;0.39
 27;0;0;27;0.42
 17;0;0;17;0.27
 26;0;0;26;0.41
 25;0;0;25;0.39
 55;1;0;55;0.86
 28;0;0;28;0.44
 53;0;0;53;0.83
 25;0;0;25;0.39
 24;0;0;24;0.38
 25;0;0;25;0.39
 45;2;0;45;0.70
 40;7;0;40;0.62
 23;0;0;23;0.36
 21;0;0;21;0.33
 21;0;0;21;0.33
 38;20;0;38;0.59
 18;0;0;18;0.28
 20;0;0;20;0.31
 112;2;0;112;1.75
 38;0;0;38;0.59
 42;0;0;42;0.66
 23;0;0;23;0.36
 30;4;0;30;0.47
 23;0;0;23;0.36
 23;18;0;23;0.36
 21;0;0;21;0.33
 17;0;0;17;0.27
 35;0;0;35;0.55
 33;0;0;33;0.52
 31;0;0;31;0.48
 32;0;0;32;0.50
 76;0;0;76;1.19
 43;1;0;43;0.67
 36;0;0;36;0.56
 45;0;0;45;0.70
 20;0;0;20;0.31
 16;0;0;16;0.25
 23;0;0;23;0.36
 27;2;0;27;0.42
 33;1;0;33;0.52
 49;8;0;49;0.77
 29;0;0;29;0.45
 30;0;0;30;0.47
 40;2;0;40;0.62
 22;0;0;22;0.34
 14;0;0;14;0.22
 26;1;0;26;0.41
 39;1;0;39;0.61
 32;0;0;32;0.50
 38;2;0;38;0.59
 18;14;0;18;0.28
 22;5;0;22;0.34
 25;0;0;25;0.39
 19;0;0;19;0.30
 40;1;0;40;0.62
 40;0;0;40;0.62
 22;0;0;22;0.34
 43;63;0;43;0.67
 34;0;0;34;0.53
 26;0;0;26;0.41
 17;0;0;17;0.27
 28;0;0;28;0.44
 22;0;0;22;0.34
 28;8;0;28;0.44
 50;9;0;50;0.78
 31;0;0;31;0.48
 17;0;0;17;0.27
 15;0;0;15;0.23
 32;0;0;32;0.50
 57;0;0;57;0.89
 24;1;0;24;0.38
 18;0;0;18;0.28
 19;0;0;19;0.30
 53;1;0;53;0.83
 41;9;0;41;0.64
 14;0;0;14;0.22
 17;0;0;17;0.27
 20;0;0;20;0.31
 33;0;0;33;0.52
 28;14;0;28;0.44
 26;13;0;26;0.41
 81;1;0;81;1.27
 36;1;0;36;0.56
 37;0;0;37;0.58
 23;0;0;23;0.36
 17;0;0;17;0.27
 19;0;0;19;0.30
 21;0;0;21;0.33
 20;0;0;20;0.31
 26;0;0;26;0.41
 17;0;0;17;0.27
 32;0;0;32;0.50
 24;0;0;24;0.38
 19;4;0;19;0.30
 29;2;0;29;0.45
 42;60;0;42;0.66
 21;2;0;21;0.33
 27;0;0;27;0.42
 43;1;0;43;0.67
 34;0;0;34;0.53
 40;0;0;40;0.62
 19;0;0;19;0.30
 22;0;0;22;0.34
 11;0;0;11;0.17
 22;1;0;22;0.34
 24;0;0;24;0.38
 28;0;0;28;0.44
 12;0;0;12;0.19
 34;0;0;34;0.53
 34;3;0;34;0.53
 66;1;0;66;1.03
 43;1;0;43;0.67
 16;0;0;16;0.25
 14;0;0;14;0.22
 20;6;0;20;0.31
 25;0;0;25;0.39
 23;0;0;23;0.36
 11;0;0;11;0.17
 28;0;0;28;0.44
 40;0;0;40;0.62
 33;0;0;33;0.52
 87;0;0;87;1.36
 14;1;0;14;0.22
 33;0;0;33;0.52
 22;1;0;22;0.34
 15;1;0;15;0.23
 26;2;0;26;0.41
 15;2;0;15;0.23
 33;0;0;33;0.52
 54;1;0;54;0.84
 28;0;0;28;0.44
 51;121;0;51;0.80
 19;1;0;19;0.30
 22;0;0;22;0.34
 23;0;0;23;0.36
 45;0;0;45;0.70
 42;7;0;42;0.66
 26;1;0;26;0.41
 42;0;0;42;0.66
 55;41;0;55;0.86
 15;1;0;15;0.23
 65;8;0;65;1.02
 21;0;0;21;0.33
 35;0;0;35;0.55
 38;0;0;38;0.59
 18;0;0;18;0.28
 18;0;0;18;0.28
 33;0;0;33;0.52
 23;0;0;23;0.36
 26;0;0;26;0.41
 22;0;0;22;0.34
 35;0;0;35;0.55
 15;0;0;15;0.23
 19;0;0;19;0.30
 24;6;0;24;0.38
 41;0;0;41;0.64
 23;0;0;23;0.36
 17;0;0;17;0.27
 47;0;0;47;0.73
 45;1;0;45;0.70
 71;0;0;71;1.11
 49;0;0;49;0.77
 25;0;0;25;0.39
 19;6;0;19;0.30
 21;7;0;21;0.33
 13;3;0;13;0.20
 18;0;0;18;0.28
 13;0;0;13;0.20
 31;0;0;31;0.48
 54;1;0;54;0.84
 52;1;0;52;0.81
 25;0;0;25;0.39
 21;5;0;21;0.33
 30;0;0;30;0.47
 16;2;0;16;0.25
 30;0;0;30;0.47
 22;0;0;22;0.34
 11;0;0;11;0.17
 38;0;0;38;0.59
 30;0;0;30;0.47
 20;0;0;20;0.31
 26;1;0;26;0.41
 16;1;0;16;0.25
 39;13;0;39;0.61
 19;0;0;19;0.30
 71;211;0;71;1.11
 17;0;0;17;0.27
 12;4;0;12;0.19
 22;2;0;22;0.34
 38;8;0;38;0.59
 41;11;0;41;0.64
 22;1;0;22;0.34
 27;1;0;27;0.42
 25;0;0;25;0.39
 28;4;0;28;0.44
 34;1;0;34;0.53
 26;0;0;26;0.41
 21;0;0;21;0.33
 25;1;0;25;0.39
 24;0;0;24;0.38
 24;0;0;24;0.38
 53;0;0;53;0.83
 17;0;0;17;0.27
 19;0;0;19;0.30
 23;0;0;23;0.36
 30;0;0;30;0.47
 21;0;0;21;0.33
 28;2;0;28;0.44
 40;0;0;40;0.62
 22;0;0;22;0.34
 32;1;0;32;0.50
 20;1;0;20;0.31
 14;2;0;14;0.22
 23;0;0;23;0.36
 21;0;0;21;0.33
 60;2;0;60;0.94
 27;1;0;27;0.42
 27;1;0;27;0.42
 38;0;0;38;0.59
 96;1;0;96;1.50
 32;1;0;32;0.50
 55;1;0;55;0.86
 61;325;0;61;0.95
 19;0;0;19;0.30
 24;8;0;24;0.38
 32;1;0;32;0.50
 19;3;0;19;0.30
 17;0;0;17;0.27
 30;0;0;30;0.47
 57;4;0;57;0.89
 48;4;0;48;0.75
 31;6;0;31;0.48
 18;1;0;18;0.28
 13;3;0;13;0.20
 35;19;0;35;0.55
 13;0;0;13;0.20
 16;0;0;16;0.25
 20;0;0;20;0.31
 32;0;0;32;0.50
 27;1;0;27;0.42
 16;0;0;16;0.25
 36;86;0;36;0.56
 15;0;0;15;0.23
 31;0;0;31;0.48
 38;7;0;38;0.59
 25;0;0;25;0.39
 42;0;0;42;0.66
 28;0;0;28;0.44
 51;9;0;51;0.80
 40;9;0;40;0.62
 48;1;0;48;0.75
 23;8;0;23;0.36
 28;0;0;28;0.44
 34;4;0;34;0.53
 26;11;0;26;0.41
 20;11;0;20;0.31
 17;0;0;17;0.27
 19;0;0;19;0.30
 45;0;0;45;0.70
 32;4;0;32;0.50
 40;49;0;40;0.62
 45;9;0;45;0.70
 38;1;0;38;0.59
 31;1;0;31;0.48
 34;1;0;34;0.53
 39;1;0;39;0.61
 23;0;0;23;0.36
 62;145;0;62;0.97
 30;3;0;30;0.47
 22;6;0;22;0.34
 20;5;0;20;0.31
 22;0;0;22;0.34
 19;1;0;19;0.30
 35;0;0;35;0.55
 19;0;0;19;0.30
 16;0;0;16;0.25
 31;0;0;31;0.48
 12;1;0;12;0.19
 33;0;0;33;0.52
 44;1;0;44;0.69
 28;0;0;28;0.44
 58;2;0;58;0.91
 18;0;0;18;0.28
 33;2;0;33;0.52
 23;0;0;23;0.36
 20;0;0;20;0.31
 13;1;0;13;0.20
 43;4;0;43;0.67
 30;0;0;30;0.47
 29;0;0;29;0.45
 33;1;0;33;0.52
 41;1;0;41;0.64
 24;0;0;24;0.38
 59;1;0;59;0.92
 22;5;0;22;0.34
 40;0;0;40;0.62
 32;0;0;32;0.50
 20;3;0;20;0.31
 40;0;0;40;0.62
 55;9;0;55;0.86
 34;2;0;34;0.53
 44;7;0;44;0.69
 28;5;0;28;0.44
 27;0;0;27;0.42
 38;2;0;38;0.59
 30;1;0;30;0.47
 19;0;0;19;0.30
 17;0;0;17;0.27
 35;1;0;35;0.55
 36;4;0;36;0.56
 22;1;0;22;0.34
 56;0;0;56;0.88
 19;1;0;19;0.30
 25;0;0;25;0.39
 50;18;0;50;0.78
 55;9;0;55;0.86
 35;3;0;35;0.55
 28;0;0;28;0.44
 19;1;0;19;0.30
 22;0;0;22;0.34
 20;0;0;20;0.31
 25;9;0;25;0.39
 17;9;0;17;0.27
 15;0;0;15;0.23
 25;0;0;25;0.39
 35;1;0;35;0.55
 38;0;0;38;0.59
 20;0;0;20;0.31
 30;2;0;30;0.47
 40;3;0;40;0.62
 19;1;0;19;0.30
 15;0;0;15;0.23
 14;0;0;14;0.22
 20;0;0;20;0.31
 38;1;0;38;0.59
 19;10;0;19;0.30
 15;1;0;15;0.23
 20;1;0;20;0.31
 31;0;0;31;0.48
 41;1;0;41;0.64
 31;1;0;31;0.48
 18;1;0;18;0.28
 18;6;0;18;0.28
 24;1;0;24;0.38
 27;1;0;27;0.42
 27;2;0;27;0.42
 80;1;0;80;1.25
 29;0;0;29;0.45
 22;0;0;22;0.34
 33;0;0;33;0.52
 25;0;0;25;0.39
 89;2;0;89;1.39
 71;17;0;71;1.11
 31;1;0;31;0.48
 31;0;0;31;0.48
 27;9;0;26;0.41
 45;28;0;45;0.70
 26;0;0;26;0.41
 41;1;0;41;0.64
 35;1;0;35;0.55
 37;1;0;37;0.58
 21;0;0;21;0.33
 47;0;0;47;0.73
 40;0;0;40;0.62
 37;1;0;37;0.58
 26;1;0;26;0.41
 18;0;0;18;0.28
 27;0;0;27;0.42
 33;0;0;33;0.52
 34;1;0;34;0.53
 18;0;0;18;0.28
 27;0;0;27;0.42
 21;1;0;21;0.33
 19;12;0;19;0.30
 24;0;0;24;0.38
 33;1;0;33;0.52
 16;0;0;16;0.25
 17;0;0;17;0.27
 30;0;0;30;0.47
 62;1;0;62;0.97
 31;0;0;31;0.48
 68;2;0;68;1.06
 55;0;0;55;0.86
 51;0;0;51;0.80
 30;53;0;30;0.47
 36;1;0;36;0.56
 54;53;0;54;0.84
 33;58;0;33;0.52
 22;1;0;22;0.34
 39;1;0;39;0.61
 32;0;0;32;0.50
 25;0;0;25;0.39
 26;1;0;26;0.41
 17;1;0;17;0.27
 31;5;0;31;0.48
 68;51;0;68;1.06
 21;0;0;21;0.33
 22;0;0;22;0.34
 39;0;0;39;0.61
 32;1;0;32;0.50
 46;0;0;46;0.72
 52;0;0;52;0.81
 38;0;0;38;0.59
 99;0;0;99;1.55
 77;130;0;77;1.20
 20;0;0;20;0.31
 49;1;0;49;0.77
 33;1;0;33;0.52
 30;1;0;30;0.47
 40;0;0;40;0.62
 46;1;0;46;0.72
 45;1;0;45;0.70
 22;1;0;22;0.34
 32;1;0;32;0.50
 39;1;0;39;0.61
 69;2;0;69;1.08
 43;6;0;43;0.67
 37;0;0;37;0.58
 29;1;0;29;0.45
 40;0;0;40;0.62
 34;0;0;34;0.53
 47;0;0;47;0.73
 91;245;0;91;1.42
 46;1;0;46;0.72
 25;0;0;25;0.39
 44;30;0;44;0.69
 52;1;0;52;0.81
 20;0;0;20;0.31
 36;0;0;36;0.56
 30;2;0;30;0.47
 31;0;0;31;0.48
 26;0;0;26;0.41
 31;0;0;31;0.48
 31;1;0;31;0.48
 31;0;0;31;0.48
 61;23;0;61;0.95
 17;1;0;17;0.27
 16;0;0;16;0.25
 52;0;0;52;0.81
 30;1;0;30;0.47
 47;0;0;47;0.73
 31;0;0;31;0.48
 68;2;0;68;1.06
 79;0;0;79;1.23
 69;28;0;69;1.08
 30;0;0;30;0.47
 28;0;0;28;0.44
 27;5;0;27;0.42
 35;1;0;35;0.55
 30;7;0;30;0.47
 24;1;0;24;0.38
 48;2;0;48;0.75
 55;1;0;55;0.86
 30;0;0;30;0.47
 57;0;0;57;0.89
 22;0;0;22;0.34
 23;0;0;23;0.36
 24;1;0;24;0.38
 28;1;0;28;0.44
 38;1;0;38;0.59
 45;3;0;45;0.70
 38;1;0;38;0.59
 27;1;0;27;0.42
 45;1;0;45;0.70
 28;1;0;28;0.44
 36;1;0;36;0.56
 32;1;0;32;0.50
 31;1;0;31;0.48
 22;1;0;22;0.34
 24;3;0;24;0.38
 32;1;0;32;0.50
 29;3;0;29;0.45
 36;1;0;36;0.56
 30;0;0;30;0.47
 22;0;0;22;0.34
 20;1;0;20;0.31
 37;0;0;37;0.58
 27;0;0;27;0.42
 37;1;0;37;0.58
 37;0;0;37;0.58
 33;2;0;33;0.52
 34;0;0;34;0.53
 81;2;0;81;1.27
 48;190;0;48;0.75
 41;1;0;41;0.64
 28;3;0;28;0.44
 43;0;0;43;0.67
 29;0;0;29;0.45
 51;0;0;51;0.80
 39;3;0;39;0.61
 28;0;0;28;0.44
 61;61;0;61;0.95
 28;0;0;28;0.44
 45;19;0;45;0.70
 34;0;0;34;0.53
 30;0;0;30;0.47
 46;0;0;46;0.72
 35;0;0;35;0.55
 50;0;0;50;0.78
 34;0;0;34;0.53
 22;1;0;22;0.34
 24;0;0;24;0.38
 17;3;0;17;0.27
 29;0;0;29;0.45
 26;0;0;26;0.41
 64;0;0;64;1.00
 156;208;0;128;2.00
 31;0;0;31;0.48
 35;0;0;35;0.55
 39;1;0;39;0.61
 20;0;0;20;0.31
 30;0;0;30;0.47
 49;0;0;49;0.77
 31;0;0;31;0.48
 56;356;0;56;0.88
 35;0;0;35;0.55
 17;1;0;17;0.27
 32;0;0;32;0.50
 53;1;0;53;0.83
 38;0;0;38;0.59
 43;7;0;42;0.66
 30;1;0;30;0.47
 82;105;0;82;1.28
 26;0;0;26;0.41
 29;18;0;29;0.45
 41;0;0;41;0.64
 34;0;0;34;0.53
 33;0;0;33;0.52
 20;1;0;20;0.31
 55;0;0;55;0.86
 33;1;0;33;0.52
 52;0;0;52;0.81
 33;0;0;33;0.52
 21;0;0;21;0.33
 45;0;0;45;0.70
 40;0;0;40;0.62
 22;1;0;22;0.34
 29;0;0;29;0.45
 28;0;0;28;0.44
 23;1;0;23;0.36
 28;0;0;28;0.44
 23;3;0;23;0.36
 26;1;0;26;0.41
 37;88;0;37;0.58
 22;0;0;22;0.34
 58;302;0;58;0.91
 42;192;0;42;0.66
 29;0;0;29;0.45
 97;2;0;97;1.52
 39;1;0;39;0.61
 51;1;0;51;0.80
 41;0;0;41;0.64
 40;1;0;40;0.62
 28;0;0;28;0.44
 34;0;0;34;0.53
 27;0;0;27;0.42
 26;0;0;26;0.41
 19;0;0;19;0.30
 28;0;0;28;0.44
 26;0;0;26;0.41
 20;0;0;20;0.31
 97;529;0;97;1.52
 28;3;0;28;0.44
 41;0;0;41;0.64
 54;0;0;54;0.84
 25;1;0;25;0.39
 24;0;0;24;0.38
 30;3;0;30;0.47
 23;5;0;23;0.36
 29;0;0;29;0.45
 35;0;0;35;0.55
 21;0;0;21;0.33
 32;1;0;32;0.50
 24;1;0;24;0.38
 25;1;0;25;0.39
 74;1;0;74;1.16
 39;0;0;39;0.61
 48;0;0;48;0.75
 27;0;0;27;0.42
 30;0;0;30;0.47
 39;1;0;39;0.61
 46;1;0;46;0.72
 111;346;0;111;1.73
 27;0;0;27;0.42
 19;0;0;19;0.30
 44;17;0;44;0.69
 15;1;0;15;0.23
 28;1;0;28;0.44
 24;0;0;24;0.38
 44;1;0;44;0.69
 32;0;0;32;0.50
 17;0;0;17;0.27
 16;1;0;16;0.25
 35;0;0;35;0.55
 16;0;0;16;0.25
 13;0;0;13;0.20
 21;0;0;21;0.33
 21;0;0;21;0.33
 73;0;0;73;1.14
 31;1;0;31;0.48
 30;3;0;30;0.47
 34;134;0;34;0.53
 42;1;0;42;0.66
 28;1;0;28;0.44
 47;3;0;47;0.73
 20;0;0;20;0.31
 18;0;0;18;0.28
 17;0;0;17;0.27
 35;0;0;35;0.55
 39;0;0;39;0.61
 25;0;0;25;0.39
 45;28;0;44;0.69
 18;0;0;18;0.28
 25;0;0;25;0.39
 54;0;0;54;0.84
 53;0;0;53;0.83
 26;0;0;26;0.41
 29;0;0;29;0.45
 26;0;0;26;0.41
 49;6;0;49;0.77
 19;1;0;19;0.30
 30;0;0;30;0.47
 96;0;0;96;1.50
 27;1;0;27;0.42
 17;0;0;17;0.27
 14;0;0;14;0.22
 26;0;0;26;0.41
 41;0;0;41;0.64
 43;0;0;43;0.67
 34;0;0;34;0.53
 49;0;0;49;0.77
 24;0;0;24;0.38
 16;1;0;16;0.25
 11;0;0;11;0.17
 54;170;0;54;0.84
 24;32;0;24;0.38
 15;0;0;15;0.23
 23;0;0;23;0.36
 35;0;0;35;0.55
 31;4;0;31;0.48
 48;1;0;48;0.75
 27;0;0;27;0.42
 83;0;0;83;1.30
 15;0;0;15;0.23
 34;1;0;34;0.53
 24;0;0;24;0.38
 14;0;0;14;0.22
 16;0;0;16;0.25
 26;5;0;26;0.41
 26;1;0;26;0.41
 18;0;0;18;0.28
 47;0;0;47;0.73
 29;0;0;29;0.45
 37;2;0;37;0.58
 48;18;0;48;0.75
 26;0;0;26;0.41
 43;14;0;43;0.67
 29;0;0;29;0.45
 46;0;0;46;0.72
 27;13;0;27;0.42
 34;0;0;34;0.53
 54;1;0;54;0.84
 26;1;0;26;0.41
 26;0;0;26;0.41
 42;0;0;42;0.66
 32;0;0;32;0.50
 46;0;0;46;0.72
 16;0;0;16;0.25
 29;1;0;29;0.45
 51;1;0;51;0.80
 44;9;0;44;0.69
 72;0;0;72;1.12
 52;9;0;52;0.81
 19;0;0;19;0.30
 47;0;0;47;0.73
 20;2;0;20;0.31
 27;1;0;27;0.42
 40;0;0;40;0.62
 30;0;0;30;0.47
 25;0;0;25;0.39
 63;3;0;63;0.98
 61;0;0;61;0.95
 19;10;0;19;0.30
 27;0;0;27;0.42
 58;0;0;58;0.91
 19;1;0;19;0.30
 21;1;0;21;0.33
 52;1;0;52;0.81
 32;0;0;32;0.50
 23;1;0;23;0.36
 22;2;0;22;0.34
 18;0;0;18;0.28
 24;0;0;24;0.38
 30;31;0;30;0.47
 54;65;0;54;0.84
 27;0;0;27;0.42
 15;0;0;15;0.23
 24;0;0;24;0.38
 30;0;0;30;0.47
 41;3;0;41;0.64
 49;0;0;49;0.77
 94;7;0;94;1.47
 28;0;0;28;0.44
 32;8;0;32;0.50
 22;0;0;22;0.34
 61;1;0;61;0.95
 19;1;0;19;0.30
 19;1;0;19;0.30
 23;0;0;23;0.36
 35;31;0;35;0.55
 42;0;0;42;0.66
 34;0;0;34;0.53
 21;0;0;21;0.33
 41;0;0;41;0.64
 27;4;0;27;0.42
 33;0;0;33;0.52
 21;0;0;21;0.33
 13;0;0;13;0.20
 20;0;0;20;0.31
 29;1;0;29;0.45
 15;3;0;15;0.23
 93;144;0;93;1.45
 23;0;0;23;0.36
 48;0;0;48;0.75
 62;83;0;62;0.97
 25;1;0;25;0.39
 23;0;0;23;0.36
 15;0;0;15;0.23
 27;3;0;27;0.42
 29;1;0;29;0.45
 31;0;0;31;0.48
 29;0;0;29;0.45
 37;0;0;37;0.58
 29;1;0;29;0.45
 28;5;0;28;0.44
 45;1;0;45;0.70
 32;0;0;32;0.50
 17;3;0;17;0.27
 40;1;0;40;0.62
 25;0;0;25;0.39
 32;0;0;32;0.50
 54;213;0;54;0.84
 22;1;0;22;0.34
 18;0;0;18;0.28
 49;10;0;49;0.77
 25;34;0;25;0.39
 25;0;0;25;0.39
 13;0;0;13;0.20
 23;1;0;23;0.36
 31;0;0;31;0.48
 14;1;0;14;0.22
 39;0;0;39;0.61
 23;0;0;23;0.36
 32;0;0;32;0.50
 22;0;0;22;0.34
 28;0;0;28;0.44
 25;1;0;25;0.39
 15;0;0;15;0.23
 25;1;0;25;0.39
 35;0;0;35;0.55
 67;188;0;67;1.05
 22;3;0;22;0.34
 67;69;0;67;1.05
 34;7;0;34;0.53
 35;1;0;35;0.55
 24;11;0;24;0.38
 42;63;0;42;0.66
 15;0;0;15;0.23
 26;0;0;26;0.41
 30;1;0;30;0.47
 33;0;0;33;0.52
 64;2;0;64;1.00
 24;1;0;24;0.38
 22;0;0;22;0.34
 29;0;0;29;0.45
 21;0;0;21;0.33
 18;0;0;18;0.28
 41;20;0;41;0.64
 33;0;0;33;0.52
 32;0;0;32;0.50
 23;0;0;23;0.36
 72;2;0;72;1.12
 19;0;0;19;0.30
 23;0;0;23;0.36
 20;0;0;20;0.31
 31;5;0;31;0.48
 29;0;0;29;0.45
 47;0;0;47;0.73
 24;1;0;24;0.38
 30;1;0;30;0.47
 28;6;0;28;0.44
 30;0;0;30;0.47
 37;0;0;37;0.58
 27;0;0;27;0.42
 29;0;0;29;0.45
 57;72;0;57;0.89
 37;2;0;37;0.58
 23;1;0;23;0.36
 24;4;0;24;0.38
 28;1;0;28;0.44
 49;1;0;49;0.77
 27;1;0;27;0.42
 81;117;0;81;1.27
 35;0;0;35;0.55
 15;0;0;15;0.23
 24;26;0;24;0.38
 20;0;0;20;0.31
 61;0;0;60;0.94
 26;0;0;26;0.41
 30;0;0;30;0.47
 16;0;0;16;0.25
 21;0;0;21;0.33
 24;8;0;24;0.38
 16;0;0;16;0.25
 28;2;0;28;0.44
 62;1;0;62;0.97
 24;0;0;24;0.38
 20;0;0;20;0.31
 32;0;0;32;0.50
 40;0;0;40;0.62
 43;1;0;43;0.67
 79;0;0;79;1.23
 25;0;0;25;0.39
 16;0;0;16;0.25
 27;0;0;27;0.42
 12;0;0;12;0.19
 20;0;0;20;0.31
 14;0;0;14;0.22
 23;0;0;23;0.36
 23;0;0;23;0.36
 35;0;0;35;0.55
 35;0;0;35;0.55
 42;0;0;42;0.66
 18;1;0;18;0.28
 23;0;0;23;0.36
 61;60;0;61;0.95
 17;0;0;17;0.27
 19;3;0;19;0.30
 50;0;0;50;0.78
 29;2;0;29;0.45
 24;0;0;24;0.38
 60;0;0;60;0.94
 14;0;0;14;0.22
 20;0;0;20;0.31
 52;51;0;52;0.81
 55;1;0;55;0.86
 13;13;0;13;0.20
 22;0;0;22;0.34
 39;1;0;39;0.61
 31;0;0;31;0.48
 46;3;0;46;0.72
 92;1;0;92;1.44
 33;51;0;33;0.52
 60;4;0;60;0.94
 28;29;0;28;0.44
 70;3;0;70;1.09
 49;7;0;49;0.77
 14;0;0;14;0.22
 30;1;0;30;0.47
 56;2;0;56;0.88
 53;0;0;53;0.83
 43;0;0;43;0.67
 16;3;0;16;0.25
 37;1;0;37;0.58
 50;7;0;50;0.78
 38;3;0;38;0.59
 26;0;0;26;0.41
 60;1;0;59;0.92
 52;1;0;52;0.81
 36;1;0;36;0.56
 25;1;0;25;0.39
 30;0;0;30;0.47
 29;0;0;29;0.45
 37;0;0;37;0.58
 21;8;0;21;0.33
 15;0;0;15;0.23
 28;0;0;28;0.44
 28;0;0;28;0.44
 31;0;0;31;0.48
 30;0;0;30;0.47
 61;1;0;61;0.95
 27;0;0;27;0.42
 26;0;0;26;0.41
 17;0;0;17;0.27
 36;4;0;36;0.56
 56;5;0;56;0.88
 27;1;0;27;0.42
 19;0;0;19;0.30
 30;1;0;30;0.47
 31;10;0;31;0.48
 23;8;0;23;0.36
 48;0;0;48;0.75
 23;0;0;23;0.36
 27;157;0;27;0.42
 49;1;0;49;0.77
 46;0;0;46;0.72
 50;0;0;50;0.78
 24;2;0;24;0.38
 38;0;0;38;0.59
 36;0;0;36;0.56
 32;0;0;32;0.50
 94;12;0;94;1.47
 67;0;0;67;1.05
 44;0;0;44;0.69
 48;141;0;48;0.75
 27;0;0;27;0.42
 36;0;0;36;0.56
 20;2;0;20;0.31
 32;1;0;32;0.50
 27;1;0;27;0.42
 37;0;0;37;0.58
 26;1;0;26;0.41
 20;0;0;20;0.31
 20;0;0;20;0.31
 33;1;0;33;0.52
 34;0;0;34;0.53
 49;2;0;49;0.77
 65;4;0;65;1.02
 23;0;0;23;0.36
 25;6;0;25;0.39
 19;1;0;19;0.30
 17;0;0;17;0.27
 23;0;0;23;0.36
 24;0;0;24;0.38
 32;2;0;32;0.50
 78;0;0;78;1.22
 22;4;0;22;0.34
 42;13;0;42;0.66
 28;0;0;28;0.44
 39;0;0;39;0.61
 17;1;0;17;0.27
 17;3;0;17;0.27
 16;0;0;16;0.25
 17;0;0;17;0.27
 22;0;0;22;0.34
 61;0;0;61;0.95
 26;0;0;26;0.41
 37;1;0;37;0.58
 26;0;0;26;0.41
 30;0;0;30;0.47
 61;78;0;61;0.95
 26;0;0;26;0.41
 73;0;0;73;1.14
 37;0;0;37;0.58
 34;1;0;34;0.53
 50;3;0;50;0.78
 28;1;0;28;0.44
 18;15;0;18;0.28
 36;0;0;36;0.56
 35;6;0;35;0.55
 24;2;0;24;0.38
 42;7;0;42;0.66
 15;3;0;15;0.23
 25;26;0;25;0.39
 24;0;0;24;0.38
 26;0;0;26;0.41
 24;1;0;24;0.38
 41;0;0;41;0.64
 31;25;0;31;0.48
 23;1;0;23;0.36
 43;1;0;43;0.67
 19;0;0;19;0.30
 21;5;0;21;0.33
 79;49;0;79;1.23
 36;1;0;36;0.56
 59;0;0;59;0.92
 29;14;0;29;0.45
 13;2;0;13;0.20
 41;11;0;41;0.64
 33;1;0;33;0.52
 39;0;0;39;0.61
 26;10;0;26;0.41
 22;1;0;22;0.34
 33;16;0;33;0.52
 63;0;0;63;0.98
 35;0;0;35;0.55
 23;0;0;23;0.36
 14;0;0;14;0.22
 22;0;0;22;0.34
 36;5;0;36;0.56
 39;0;0;39;0.61
 29;0;0;29;0.45
 34;140;0;34;0.53
 28;0;0;28;0.44
 16;0;0;16;0.25
 47;69;0;47;0.73
 18;0;0;18;0.28
 37;0;0;37;0.58
 32;0;0;32;0.50
 25;1;0;25;0.39
 29;0;0;29;0.45
 43;5;0;43;0.67
 28;0;0;28;0.44
 24;0;0;24;0.38
 60;1;0;60;0.94
 17;0;0;17;0.27
 16;1;0;16;0.25
 13;0;0;13;0.20
 28;0;0;28;0.44
 26;1;0;26;0.41
 39;0;0;39;0.61
 33;0;0;33;0.52
 36;1;0;36;0.56
 19;0;0;19;0.30
 46;1;0;46;0.72
 12;0;0;12;0.19
 23;0;0;23;0.36
 15;15;0;15;0.23
 54;1;0;54;0.84
 41;0;0;41;0.64
 28;0;0;28;0.44
 33;0;0;33;0.52
 17;0;0;17;0.27
 26;1;0;26;0.41
 24;2;0;24;0.38
 35;7;0;35;0.55
 47;0;0;47;0.73
 16;0;0;16;0.25
 30;0;0;30;0.47
 34;12;0;34;0.53
 28;18;0;28;0.44
 72;0;0;72;1.12
 31;0;0;31;0.48
 29;0;0;29;0.45
 27;6;0;27;0.42
 38;0;0;38;0.59
 49;0;0;49;0.77
 20;0;0;20;0.31
 77;12;0;77;1.20
 27;0;0;27;0.42
 29;1;0;29;0.45
 30;5;0;30;0.47
 69;1;0;69;1.08
 18;0;0;18;0.28
 55;1;0;55;0.86
 23;0;0;23;0.36
 29;0;0;29;0.45
 39;0;0;39;0.61
 23;0;0;23;0.36
 38;4;0;38;0.59
 22;0;0;22;0.34
 37;1;0;37;0.58
 20;141;0;20;0.31
 23;1;0;23;0.36
 25;13;0;25;0.39
 20;0;0;20;0.31
 21;1;0;21;0.33
 18;1;0;18;0.28
 42;0;0;42;0.66
 24;0;0;24;0.38
 23;0;0;23;0.36
 17;0;0;17;0.27
 20;0;0;20;0.31
 45;2;0;45;0.70
 31;0;0;31;0.48
 14;0;0;14;0.22
 24;0;0;24;0.38
 25;0;0;25;0.39
 30;0;0;30;0.47
 31;3;0;31;0.48
 50;0;0;50;0.78
 30;0;0;30;0.47
 22;16;0;22;0.34
 26;4;0;26;0.41
 37;19;0;36;0.56
 20;0;0;20;0.31
 24;0;0;24;0.38
 27;0;0;27;0.42
 24;0;0;24;0.38
 31;3;0;31;0.48
 23;2;0;23;0.36
 82;0;0;82;1.28
 27;1;0;27;0.42
 17;0;0;17;0.27
 22;1;0;22;0.34
 19;17;0;19;0.30
 30;13;0;30;0.47
 29;18;0;29;0.45
 27;0;0;27;0.42
 27;0;0;27;0.42
 18;0;0;18;0.28
 63;160;0;63;0.98
 22;0;0;22;0.34
 35;0;0;35;0.55
 18;5;0;18;0.28
 19;0;0;19;0.30
 20;1;0;20;0.31
 26;0;0;26;0.41
 49;6;0;49;0.77
 34;1;0;34;0.53
 35;0;0;35;0.55
 42;3;0;42;0.66
 18;0;0;18;0.28
 17;0;0;17;0.27
 23;0;0;23;0.36
 43;0;0;43;0.67
 58;0;0;58;0.91
 52;0;0;52;0.81
 32;0;0;32;0.50
 32;11;0;32;0.50
 27;1;0;27;0.42
 48;0;0;48;0.75
 20;0;0;20;0.31
 31;8;0;31;0.48
 19;0;0;19;0.30
 30;72;0;30;0.47
 51;2;0;51;0.80
 21;0;0;21;0.33
 43;0;0;43;0.67
 33;1;0;33;0.52
 33;0;0;33;0.52
 24;0;0;24;0.38
 13;0;0;13;0.20
 20;0;0;20;0.31
 27;3;0;27;0.42
 19;0;0;19;0.30
 28;0;0;28;0.44
 22;0;0;22;0.34
 27;6;0;27;0.42
 37;1;0;37;0.58
 25;0;0;25;0.39
 43;107;0;43;0.67
 82;139;0;82;1.28
 29;0;0;29;0.45
 37;0;0;37;0.58
 26;5;0;26;0.41
 70;0;0;70;1.09
 15;0;0;15;0.23
 51;1;0;51;0.80
 37;4;0;37;0.58
 22;1;0;22;0.34
 30;9;0;30;0.47
 14;0;0;14;0.22
 23;0;0;23;0.36
 50;120;0;50;0.78
 21;0;0;21;0.33
 21;0;0;21;0.33
 31;1;0;31;0.48
 25;1;0;25;0.39
 28;17;0;28;0.44
 21;1;0;21;0.33
 36;0;0;36;0.56
 54;0;0;54;0.84
 18;0;0;18;0.28
 21;0;0;21;0.33
 35;1;0;35;0.55
 30;0;0;30;0.47
 21;1;0;21;0.33
 35;1;0;35;0.55
 28;7;0;28;0.44
 63;109;0;63;0.98
 39;0;0;39;0.61
 18;1;0;18;0.28
 29;3;0;29;0.45
 31;13;0;31;0.48
 50;0;0;50;0.78
 31;0;0;31;0.48
 19;0;0;19;0.30
 24;1;0;24;0.38
 28;7;0;28;0.44
 48;139;0;48;0.75
 25;0;0;25;0.39
 24;0;0;24;0.38
 25;1;0;25;0.39
 20;0;0;20;0.31
 38;0;0;38;0.59
 24;0;0;24;0.38
 23;0;0;23;0.36
 28;3;0;28;0.44
 32;1;0;32;0.50
 47;1;0;47;0.73
 26;0;0;26;0.41
 26;0;0;26;0.41
 19;3;0;19;0.30
 23;9;0;23;0.36
 75;0;0;75;1.17
 68;0;0;68;1.06
 46;59;0;46;0.72
 32;0;0;32;0.50
 34;1;0;34;0.53
 28;0;0;28;0.44
 23;1;0;23;0.36
 104;376;0;104;1.62
 31;0;0;31;0.48
 34;0;0;34;0.53
 38;0;0;38;0.59
 46;0;0;46;0.72
 27;0;0;27;0.42
 39;3;0;39;0.61
 34;1;0;34;0.53
 33;1;0;33;0.52
 27;0;0;27;0.42
 26;0;0;26;0.41
 21;0;0;21;0.33
 32;1;0;32;0.50
 35;0;0;35;0.55
 23;7;0;23;0.36
 29;1;0;29;0.45
 30;0;0;30;0.47
 31;11;0;31;0.48
 30;0;0;30;0.47
 20;0;0;20;0.31
 34;0;0;34;0.53
 42;0;0;42;0.66
 43;26;0;43;0.67
 59;4;0;59;0.92
 24;0;0;24;0.38
 38;2;0;38;0.59
 33;1;0;33;0.52
 28;0;0;28;0.44
 35;0;0;35;0.55
 38;7;0;38;0.59
 22;1;0;22;0.34
 45;5;0;45;0.70
 61;0;0;61;0.95
 27;1;0;27;0.42
 21;3;0;21;0.33
 42;135;0;41;0.64
 26;1;0;26;0.41
 25;0;0;25;0.39
 33;6;0;33;0.52
 40;0;0;40;0.62
 70;1;0;70;1.09
 63;3;0;63;0.98
 28;0;0;28;0.44
 33;0;0;33;0.52
 22;0;0;22;0.34
 67;0;0;67;1.05
 52;1;0;52;0.81
 39;4;0;39;0.61
 40;1;0;40;0.62
 31;0;0;31;0.48
 24;0;0;24;0.38
 27;0;0;27;0.42
 27;1;0;27;0.42
 34;1;0;34;0.53
 28;0;0;28;0.44
 25;0;0;25;0.39
 33;1;0;33;0.52
 42;0;0;42;0.66
 26;3;0;26;0.41
 37;0;0;37;0.58
 49;4;0;49;0.77
 82;1;0;82;1.28
 56;1;0;56;0.88
 40;2;0;40;0.62
 27;0;0;27;0.42
 31;0;0;31;0.48
 32;0;0;32;0.50
 32;0;0;32;0.50
 46;7;0;46;0.72
 34;9;0;34;0.53
 102;154;0;102;1.59
 43;8;0;43;0.67
 33;3;0;33;0.52
 23;0;0;23;0.36
 34;1;0;34;0.53
 42;0;0;42;0.66
 29;1;0;29;0.45
 31;0;0;31;0.48
 32;0;0;32;0.50
 19;0;0;19;0.30
 49;2;0;49;0.77
 53;0;0;53;0.83
 32;14;0;32;0.50
 31;0;0;31;0.48
 21;0;0;21;0.33
 37;10;0;37;0.58
 26;0;0;26;0.41
 24;9;0;24;0.38
 49;0;0;49;0.77
 40;1;0;40;0.62
 18;0;0;18;0.28
 23;0;0;23;0.36
 37;0;0;37;0.58
 49;8;0;49;0.77
 35;0;0;35;0.55
 23;0;0;23;0.36
 25;1;0;25;0.39
 33;3;0;33;0.52
 19;0;0;19;0.30
 38;0;0;38;0.59
 29;0;0;29;0.45
 30;0;0;30;0.47
 39;5;0;39;0.61
 20;1;0;20;0.31
 30;0;0;30;0.47
 34;0;0;34;0.53
 30;1;0;30;0.47
 32;0;0;32;0.50
 26;0;0;26;0.41
 20;0;0;20;0.31
 22;2;0;22;0.34
 21;0;0;21;0.33
 26;2;0;26;0.41
 24;0;0;24;0.38
 26;0;0;26;0.41
 31;8;0;31;0.48
 57;1;0;57;0.89
 46;1;0;46;0.72
 47;1;0;47;0.73
 57;1;0;57;0.89
 39;48;0;39;0.61
 84;199;0;84;1.31
 45;1;0;45;0.70
 16;0;0;16;0.25
 21;77;0;21;0.33
 13;0;0;13;0.20
 24;1;0;24;0.38
 26;0;0;26;0.41
 32;1;0;32;0.50
 40;1;0;40;0.62
 18;1;0;18;0.28
 14;0;0;14;0.22
 18;0;0;18;0.28
 18;0;0;18;0.28
 17;0;0;17;0.27
 53;77;0;53;0.83
 27;0;0;27;0.42
 25;0;0;25;0.39
 22;0;0;22;0.34
 31;2;0;31;0.48
 85;0;0;85;1.33
 58;0;0;58;0.91
 41;0;0;41;0.64
 21;2;0;21;0.33
 21;5;0;21;0.33
 22;0;0;22;0.34
 31;17;0;31;0.48
 33;7;0;33;0.52
 36;0;0;36;0.56
 18;4;0;18;0.28
 17;0;0;17;0.27
 19;3;0;19;0.30
 21;1;0;21;0.33
 14;0;0;14;0.22
 23;0;0;23;0.36
 19;1;0;19;0.30
 32;12;0;32;0.50
 29;0;0;29;0.45
 27;0;0;27;0.42
 40;7;0;40;0.62
 63;1;0;63;0.98
 24;1;0;24;0.38
 22;0;0;22;0.34
 19;1;0;19;0.30
 27;12;0;27;0.42
 51;12;0;51;0.80
 36;1;0;36;0.56
 28;0;0;28;0.44
 16;0;0;16;0.25
 18;0;0;18;0.28
 11;0;0;11;0.17
 18;0;0;18;0.28
 51;2;0;51;0.80
 14;0;0;14;0.22
 27;33;0;27;0.42
 12;0;0;12;0.19
 44;2;0;44;0.69
 25;0;0;25;0.39
 55;44;0;55;0.86
 17;0;0;17;0.27
 56;0;0;56;0.88
 24;88;0;24;0.38
 49;70;0;49;0.77
 15;2;0;15;0.23
 32;2;0;32;0.50
 18;0;0;18;0.28
 29;0;0;29;0.45
 27;0;0;27;0.42
 45;20;0;45;0.70
 23;8;0;23;0.36
 19;0;0;19;0.30
 37;136;0;37;0.58
 19;0;0;19;0.30
 51;33;0;51;0.80
 19;0;0;19;0.30
 24;0;0;24;0.38
 30;1;0;30;0.47
 26;8;0;26;0.41
 31;1;0;31;0.48
 38;0;0;38;0.59
 23;0;0;23;0.36
 39;0;0;39;0.61
 38;1;0;38;0.59
 48;0;0;48;0.75
 39;0;0;39;0.61
 30;1;0;30;0.47
 33;1;0;33;0.52
 33;1;0;33;0.52
 21;0;0;21;0.33
 31;93;0;31;0.48
 21;30;0;21;0.33
